tconst,title,year,ordering,Actor,Category,Job
tt5286444,Neerja,2016,2,Shabana Azmi,actress,\N
tt0315642,Wazir,2016,1,Amitabh Bachchan,actor,\N
tt3767372,Piku,2015,2,Amitabh Bachchan,actor,\N
tt4744086,Her & Him,2016,1,Amitabh Bachchan,actor,\N
tt5571734,Pink,2016,2,Amitabh Bachchan,actor,\N
tt5970844,Thugs Of Hindostan,2018,3,Amitabh Bachchan,actor,\N
tt6580564,102 Not Out,2018,1,Amitabh Bachchan,actor,\N
tt8130968,Badla,2019,1,Amitabh Bachchan,actor,\N
tt3859980,Mohenjo Daro,2016,3,Kabir Bedi,actor,\N
tt6988116,Kalank,2019,3,Madhuri Dixit,actress,\N
tt7639372,Total Dhamaal,2019,3,Madhuri Dixit,actress,\N
tt3859980,Mohenjo Daro,2016,1,Hrithik Roshan,actor,\N
tt5460276,Kaabil,2017,1,Hrithik Roshan,actor,\N
tt7430722,War,2019,1,Hrithik Roshan,actor,\N
tt7485048,Super 30,2019,1,Hrithik Roshan,actor,\N
tt5460276,Kaabil,2017,9,Rakesh Roshan,producer,producer
tt4535650,Dilwale,2015,2,Kajol,actress,\N
tt8108274,Tanhaji: The Unsung Warrior,2020,4,Kajol,actress,\N
tt5690142,Mom,2017,1,Sridevi,actress,\N
tt6988116,Kalank,2019,4,Sanjay Dutt,actor,\N
tt2424988,Gabbar is Back,2015,2,Kareena Kapoor,actress,\N
tt3863552,Bajrangi Bhaijaan,2015,4,Kareena Kapoor,actress,\N
tt4434004,Udta Punjab,2016,3,Kareena Kapoor,actress,\N
tt4744086,Her & Him,2016,2,Kareena Kapoor,actress,\N
tt5842616,Veere Di Wedding,2018,1,Kareena Kapoor,actress,\N
tt8504014,Good Newwz,2019,2,Kareena Kapoor,actress,\N
tt8907986,Angrezi Medium,2020,3,Kareena Kapoor,actress,\N
tt7147540,Made in India,2018,9,Anu Malik,composer,\N
tt10930586,Shikara,2020,10,A.R. Rahman,composer,\N
tt3148502,Spectacle,2015,7,A.R. Rahman,composer,\N
tt3859980,Mohenjo Daro,2016,9,A.R. Rahman,composer,\N
tt5690142,Mom,2017,9,A.R. Rahman,composer,\N
tt6452574,Sanju,2017,9,A.R. Rahman,composer,guest composer
tt3802576,Brothers,2015,3,Jackie Shroff,actor,\N
tt4559046,Housefull 3,2016,4,Jackie Shroff,actor,\N
tt6836936,Saaho,2019,3,Jackie Shroff,actor,\N
tt0315642,Wazir,2016,6,Vidhu Vinod Chopra,writer,story
tt10930586,Shikara,2020,5,Vidhu Vinod Chopra,director,\N
tt6452574,Sanju,2017,8,Vidhu Vinod Chopra,producer,producer
tt3595298,Found a Treasure Called Love,2015,1,Salman Khan,actor,\N
tt3863552,Bajrangi Bhaijaan,2015,1,Salman Khan,actor,\N
tt4467202,Hero,2015,8,Salman Khan,producer,producer
tt4832640,Sultan,2016,1,Salman Khan,actor,\N
tt5882970,Tubelight,2017,1,Salman Khan,actor,\N
tt5956100,Tiger Zinda Hai,2017,1,Salman Khan,actor,\N
tt7059844,Dabangg 3,2019,1,Salman Khan,actor,\N
tt7431594,Race 3,2018,2,Salman Khan,actor,\N
tt7721800,Bharat,2019,1,Salman Khan,actor,\N
tt7218518,Pad Man,2018,7,Twinkle Khanna,producer,producer
tt1806913,Hotchpotch Again,2017,3,Tabu,actress,\N
tt4430212,Drishyam,2015,3,Tabu,actress,\N
tt7721800,Bharat,2019,4,Tabu,actress,\N
tt8108198,Andhadhun,2018,2,Tabu,actress,\N
tt8647400,De De Pyaar De,2019,2,Tabu,actress,\N
tt9248952,Jawaani Jaaneman,2020,3,Tabu,actress,\N
tt3159708,Welcome Back,2015,2,Nana Patekar,actor,\N
tt4467202,Hero,2015,6,Subhash Ghai,writer,original story
tt4467202,Hero,2015,5,Nikkhil Advani,director,\N
tt8202612,Satyameva Jayate,2018,7,Nikkhil Advani,producer,producer
tt8869978,Batla House,2019,5,Nikkhil Advani,director,\N
tt7721800,Bharat,2019,8,Atul Agnihotri,producer,producer
tt11231440,Doordarshan,2020,3,Dolly Ahluwalia,actress,\N
tt4110568,Dil Dhadakne Do,2015,7,Javed Akhtar,writer,dialogue: Pluto Mehra
tt6173990,GOLD,2018,7,Javed Akhtar,writer,dialogue
tt2395469,Gully Boy,2019,5,Zoya Akhtar,director,\N
tt4110568,Dil Dhadakne Do,2015,5,Zoya Akhtar,director,\N
tt1806913,Hotchpotch Again,2017,10,Amar Mohile,composer,\N
tt5982852,Jolly LLB 2,2017,9,Amar Mohile,composer,score composer
tt3735246,Bajirao Mastani,2015,4,Tanvi Azmi,actress,\N
tt4559046,Housefull 3,2016,2,Abhishek Bachchan,actor,\N
tt3771536,Shivaay,2016,9,Aseem Bajaj,cinematographer,director of photography
tt3398048,Tevar,2015,3,Manoj Bajpayee,actor,\N
tt5165344,Rustom,2016,3,Manoj Bajpayee,actor,\N
tt6170954,Naam Shabana,2017,3,Manoj Bajpayee,actor,\N
tt6843812,Baaghi 2,2018,3,Manoj Bajpayee,actor,\N
tt8202612,Satyameva Jayate,2018,2,Manoj Bajpayee,actor,\N
tt3595298,Found a Treasure Called Love,2015,8,Kamal Kumar Barjatya,producer,producer
tt3595298,Found a Treasure Called Love,2015,5,Sooraj R. Barjatya,director,\N
tt3159708,Welcome Back,2015,5,Anees Bazmee,director,\N
tt6272828,Mubarakan,2017,5,Anees Bazmee,director,\N
tt4744086,Her & Him,2016,3,Jaya Bachchan,actress,\N
tt10875678,Happy Hardy and Heer,2020,8,Vashu Bhagnani,producer,producer
tt9248952,Jawaani Jaaneman,2020,10,Vashu Bhagnani,producer,producer
tt2424988,Gabbar is Back,2015,9,Sanjay Leela Bhansali,producer,producer
tt3735246,Bajirao Mastani,2015,5,Sanjay Leela Bhansali,director,\N
tt5935704,Padmaavat,2017,5,Sanjay Leela Bhansali,director,\N
tt7027278,Kedarnath,2018,3,Nitish Bharadwaj,actor,\N
tt11027850,Hacked,2020,5,Vikram Bhatt,director,\N
tt4865436,Hate Story 3,2015,6,Vikram Bhatt,writer,story and screenplay
tt4302956,Kis Kisko Pyaar Karoon,2015,5,Abbas Alibhai Burmawalla,director,\N
tt4302956,Kis Kisko Pyaar Karoon,2015,6,Mastan Alibhai Burmawalla,director,\N
tt3469244,Phantom,2015,3,Sabyasachi Chakrabarty,actor,\N
tt2976182,Roy,2015,4,Barun Chanda,actor,\N
tt3767372,Piku,2015,4,Moushumi Chatterjee,actress,\N
tt4110568,Dil Dhadakne Do,2015,2,Shefali Shah,actress,\N
tt3495026,Fan,2016,8,Aditya Chopra,producer,producer
tt4832640,Sultan,2016,6,Aditya Chopra,producer,producer
tt5108476,Befikre,2016,5,Aditya Chopra,director,\N
tt5956100,Tiger Zinda Hai,2017,7,Aditya Chopra,writer,original characters
tt5970844,Thugs Of Hindostan,2018,6,Aditya Chopra,producer,producer
tt7147540,Made in India,2018,6,Aditya Chopra,producer,producer
tt7430722,War,2019,6,Aditya Chopra,writer,story
tt9680136,Pati Patni Aur Woh,2019,6,B.R. Chopra,writer,Original Story
tt6826438,Parmanu: The Story of Pokhran,2018,9,Sandeep Chowta,composer,\N
tt3848892,Baby,2015,2,Danny Denzongpa,actor,\N
tt7431594,Race 3,2018,3,Bobby Deol,actor,\N
tt7721946,Housefull 4,2019,3,Bobby Deol,actor,\N
tt3679000,Any Body Can Dance 2,2015,1,Prabhu Deva,actor,\N
tt3696192,Singh Is Bliing,2015,5,Prabhu Deva,director,\N
tt7059844,Dabangg 3,2019,5,Prabhu Deva,director,\N
tt9648672,Street Dancer 3D,2020,3,Prabhu Deva,actor,\N
tt1806913,Hotchpotch Again,2017,1,Ajay Devgn,actor,\N
tt3771536,Shivaay,2016,1,Ajay Devgn,actor,\N
tt4430212,Drishyam,2015,1,Ajay Devgn,actor,\N
tt4906960,Baadshaho,2017,1,Ajay Devgn,actor,\N
tt7363076,Raid,2018,1,Ajay Devgn,actor,\N
tt7639372,Total Dhamaal,2019,1,Ajay Devgn,actor,\N
tt8108274,Tanhaji: The Unsung Warrior,2020,1,Ajay Devgn,actor,\N
tt8647400,De De Pyaar De,2019,1,Ajay Devgn,actor,\N
tt8108198,Andhadhun,2018,4,Anil Dhawan,actor,\N
tt8562960,Shaheed Chandrashekhar Azaad,2020,1,Anil Dhawan,actor,\N
tt5456546,Twins 2,2017,5,David Dhawan,director,\N
tt9817760,Jai Mummy Di,2020,1,Poonam Dhillon,actress,\N
tt4467202,Hero,2015,3,Tigmanshu Dhulia,actor,\N
tt3802576,Brothers,2015,7,Cliff Dorfman,writer,original story
tt8176312,Gul Makai,2020,2,Divya Dutta,actress,\N
tt4640206,Sachin - A Billion Dreams,2017,5,James Erskine,director,\N
tt6588966,Hichki,2018,4,Vikram Gokhale,actor,\N
tt3859980,Mohenjo Daro,2016,5,Ashutosh Gowariker,director,\N
tt3495026,Fan,2016,10,Andrea Guerra,composer,\N
tt7147540,Made in India,2018,8,Andrea Guerra,composer,\N
tt3398048,Tevar,2015,6,Gunasekhar,writer,\N
tt10309906,Shubh Mangal Zyada Saavdhan,2020,4,Neena Gupta,actress,\N
tt7725596,Badhaai Ho,2018,2,Neena Gupta,actress,\N
tt8983166,Panga,2020,4,Neena Gupta,actress,\N
tt5460276,Kaabil,2017,5,Sanjay Gupta,director,\N
tt5477608,Kahaani 2,2016,3,Jugal Hansraj,actor,\N
tt6452574,Sanju,2017,5,Rajkumar Hirani,director,\N
tt10023024,Love Aaj Kal,2020,3,Randeep Hooda,actor,\N
tt4832640,Sultan,2016,3,Randeep Hooda,actor,\N
tt6843812,Baaghi 2,2018,4,Randeep Hooda,actor,\N
tt7639372,Total Dhamaal,2019,5,Indra Kumar,director,\N
tt4979082,Jai Gangaajal,2016,2,Prakash Jha,actor,\N
tt10463030,Bhoot: Part One - The Haunted Ship,2020,6,Hiroo Johar,producer,producer
tt4559006,Ae Dil Hai Mushkil,2016,7,Hiroo Johar,producer,producer
tt4900716,Kapoor & Sons,2016,8,Hiroo Johar,producer,producer
tt6277440,Badrinath Ki Dulhania,2017,6,Hiroo Johar,producer,producer
tt6988116,Kalank,2019,8,Hiroo Johar,producer,producer
tt7098658,Raazi,2018,9,Hiroo Johar,producer,producer
tt7255568,Student of the Year 2,2019,9,Hiroo Johar,producer,producer
tt7638344,Dhadak,2018,7,Hiroo Johar,producer,producer
tt8504014,Good Newwz,2019,9,Hiroo Johar,producer,producer
tt10463030,Bhoot: Part One - The Haunted Ship,2020,7,Karan Johar,producer,producer
tt4007558,Shaandaar,2015,8,Karan Johar,producer,producer
tt4559006,Ae Dil Hai Mushkil,2016,5,Karan Johar,director,\N
tt4900716,Kapoor & Sons,2016,9,Karan Johar,producer,producer
tt5946128,Dear Zindagi,2016,7,Karan Johar,producer,producer
tt6264938,Kesari,2019,7,Karan Johar,producer,producer
tt6277440,Badrinath Ki Dulhania,2017,7,Karan Johar,producer,producer
tt6988116,Kalank,2019,9,Karan Johar,producer,producer
tt7098658,Raazi,2018,10,Karan Johar,producer,producer
tt7255568,Student of the Year 2,2019,7,Karan Johar,writer,characters
tt7638344,Dhadak,2018,8,Karan Johar,producer,producer
tt8504014,Good Newwz,2019,10,Karan Johar,producer,producer
tt5235880,A Flying Jatt,2016,3,Nathan Jones,actor,\N
tt0315642,Wazir,2016,7,Abhijat Joshi,writer,screenplay
tt10930586,Shikara,2020,6,Abhijat Joshi,writer,Writer
tt6452574,Sanju,2017,7,Abhijat Joshi,writer,\N
tt4865436,Hate Story 3,2015,1,Sharman Joshi,actor,\N
tt3159708,Welcome Back,2015,3,Dimple Kapadia,actress,\N
tt7027278,Kedarnath,2018,5,Abhishek Kapoor,director,\N
tt3159708,Welcome Back,2015,1,Anil Kapoor,actor,\N
tt4110568,Dil Dhadakne Do,2015,1,Anil Kapoor,actor,\N
tt5842616,Veere Di Wedding,2018,9,Anil Kapoor,producer,producer
tt6272828,Mubarakan,2017,1,Anil Kapoor,actor,\N
tt7431594,Race 3,2018,1,Anil Kapoor,actor,\N
tt7639372,Total Dhamaal,2019,2,Anil Kapoor,actor,\N
tt9877170,Malang,2020,2,Anil Kapoor,actor,\N
tt5982852,Jolly LLB 2,2017,4,Annu Kapoor,actor,\N
tt9248940,Dream Girl,2019,3,Annu Kapoor,actor,\N
tt3398048,Tevar,2015,8,Boney Kapoor,producer,producer
tt5690142,Mom,2017,8,Boney Kapoor,producer,producer
tt4434004,Udta Punjab,2016,9,Ekta Kapoor,producer,producer
tt4906984,Azhar,2016,8,Ekta Kapoor,producer,producer
tt5235880,A Flying Jatt,2016,10,Ekta Kapoor,producer,producer
tt5474042,Half Girlfriend,2017,9,Ekta Kapoor,producer,producer
tt5842616,Veere Di Wedding,2018,10,Ekta Kapoor,producer,producer
tt9248940,Dream Girl,2019,8,Ekta Kapoor,producer,producer
tt4430136,Pyaar Ka Punchnama 2,2015,2,Omkar Kapoor,actor,\N
tt4007558,Shaandaar,2015,3,Pankaj Kapur,actor,\N
tt4430212,Drishyam,2015,4,Rajat Kapoor,actor,\N
tt4900716,Kapoor & Sons,2016,4,Rajat Kapoor,actor,\N
tt7098658,Raazi,2018,3,Rajit Kapoor,actor,\N
tt6580564,102 Not Out,2018,3,Rishi Kapoor,actor,\N
tt4007558,Shaandaar,2015,4,Sanjay Kapoor,actor,\N
tt4434004,Udta Punjab,2016,10,Shobha Kapoor,producer,producer
tt4906984,Azhar,2016,9,Shobha Kapoor,producer,producer
tt5474042,Half Girlfriend,2017,10,Shobha Kapoor,producer,producer
tt9248940,Dream Girl,2019,9,Shobha Kapoor,producer,producer
tt4007558,Shaandaar,2015,9,Anurag Kashyap,producer,producer
tt7485048,Super 30,2019,7,Anurag Kashyap,producer,producer
tt3159708,Welcome Back,2015,6,Rajeev Kaul,writer,story
tt9877170,Malang,2020,4,Kunal Khemu,actor,\N
tt5074352,Dangal,2016,1,Aamir Khan,actor,\N
tt5970844,Thugs Of Hindostan,2018,1,Aamir Khan,actor,\N
tt6108090,Secret Superstar,2017,4,Aamir Khan,actor,\N
tt6843812,Baaghi 2,2018,5,Ahmed Khan,director,\N
tt8366590,Baaghi 3,2020,5,Ahmed Khan,director,\N
tt7059844,Dabangg 3,2019,10,Arbaaz Khan,producer,producer
tt1806913,Hotchpotch Again,2017,2,Arshad Warsi,actor,\N
tt3405236,Raees,2017,10,Gauri Khan,producer,producer
tt4535650,Dilwale,2015,9,Gauri Khan,producer,producer
tt5946128,Dear Zindagi,2016,8,Gauri Khan,producer,producer
tt5997666,When Harry Met Sejal,2017,6,Gauri Khan,producer,producer
tt6527426,Zero,2018,7,Gauri Khan,producer,producer
tt7881550,Har Kisse Ke Hisse: Kaamyaab,2020,7,Gauri Khan,producer,producer
tt8130968,Badla,2019,8,Gauri Khan,producer,producer
tt3767372,Piku,2015,3,Irrfan Khan,actor,\N
tt5764096,Hindi Medium,2017,1,Irrfan Khan,actor,\N
tt8907986,Angrezi Medium,2020,1,Irrfan Khan,actor,\N
tt3469244,Phantom,2015,1,Saif Ali Khan,actor,\N
tt3678782,City of Revenge,2015,9,Saif Ali Khan,producer,producer
tt8108274,Tanhaji: The Unsung Warrior,2020,2,Saif Ali Khan,actor,\N
tt9248952,Jawaani Jaaneman,2020,1,Saif Ali Khan,actor,\N
tt2424988,Gabbar is Back,2015,10,Shabina Khan,producer,producer
tt3495026,Fan,2016,1,Shah Rukh Khan,actor,\N
tt4535650,Dilwale,2015,1,Shah Rukh Khan,actor,\N
tt5946128,Dear Zindagi,2016,2,Shah Rukh Khan,actor,\N
tt5997666,When Harry Met Sejal,2017,1,Shah Rukh Khan,actor,\N
tt6527426,Zero,2018,1,Shah Rukh Khan,actor,\N
tt5882970,Tubelight,2017,2,Sohail Khan,actor,\N
tt3679060,Kapow,2016,4,Akshaye Khanna,actor,\N
tt5690142,Mom,2017,3,Akshaye Khanna,actor,\N
tt9691324,Sab Kushal Mangal,2020,1,Akshaye Khanna,actor,\N
tt4169250,M.S. Dhoni: The Untold Story,2016,3,Anupam Kher,actor,\N
tt5456546,Twins 2,2017,4,Anupam Kher,actor,\N
tt5785170,Toilet: A Love Story,2017,2,Anupam Kher,actor,\N
tt8869978,Batla House,2019,4,Ravi Kishan,actor,\N
tt6452574,Sanju,2017,3,Manisha Koirala,actress,\N
tt2631186,Baahubali: The Beginning,2015,3,Ramya Krishnan,actress,\N
tt6903440,Manikarnika: The Queen of Jhansi,2019,3,Atul Kulkarni,actor,\N
tt8176312,Gul Makai,2020,3,Atul Kulkarni,actor,\N
tt2424988,Gabbar is Back,2015,1,Akshay Kumar,actor,\N
tt3696192,Singh Is Bliing,2015,1,Akshay Kumar,actor,\N
tt3802576,Brothers,2015,1,Akshay Kumar,actor,\N
tt3848892,Baby,2015,1,Akshay Kumar,actor,\N
tt4387040,Airlift,2016,1,Akshay Kumar,actor,\N
tt4559046,Housefull 3,2016,1,Akshay Kumar,actor,\N
tt5080556,2.0,2018,2,Akshay Kumar,actor,\N
tt5165344,Rustom,2016,1,Akshay Kumar,actor,\N
tt5785170,Toilet: A Love Story,2017,1,Akshay Kumar,actor,\N
tt5982852,Jolly LLB 2,2017,1,Akshay Kumar,actor,\N
tt6170954,Naam Shabana,2017,2,Akshay Kumar,actor,\N
tt6173990,GOLD,2018,1,Akshay Kumar,actor,\N
tt6264938,Kesari,2019,1,Akshay Kumar,actor,\N
tt7218518,Pad Man,2018,1,Akshay Kumar,actor,\N
tt7721946,Housefull 4,2019,1,Akshay Kumar,actor,\N
tt8504014,Good Newwz,2019,1,Akshay Kumar,actor,\N
tt9248972,Mission Mangal,2019,1,Akshay Kumar,actor,\N
tt10309906,Shubh Mangal Zyada Saavdhan,2020,8,Krishan Kumar,producer,producer
tt2976182,Roy,2015,9,Krishan Kumar,producer,producer
tt3848892,Baby,2015,8,Krishan Kumar,producer,producer
tt4865436,Hate Story 3,2015,9,Krishan Kumar,producer,producer
tt4906960,Baadshaho,2017,8,Krishan Kumar,producer,producer
tt5764096,Hindi Medium,2017,10,Krishan Kumar,producer,producer
tt6791730,Tumhari Sulu,2017,9,Krishan Kumar,producer,producer
tt7363076,Raid,2018,8,Krishan Kumar,producer,producer
tt7581902,Sonu Ke Titu Ki Sweety,2018,9,Krishan Kumar,producer,producer
tt7721800,Bharat,2019,10,Krishan Kumar,producer,producer
tt8202612,Satyameva Jayate,2018,10,Krishan Kumar,producer,producer
tt8869978,Batla House,2019,10,Krishan Kumar,producer,producer
tt9648672,Street Dancer 3D,2020,9,Krishan Kumar,producer,producer
tt9877170,Malang,2020,10,Krishan Kumar,producer,producer
tt7581902,Sonu Ke Titu Ki Sweety,2018,10,Krishan Kumar,producer,producer
tt4906960,Baadshaho,2017,5,Milan Luthria,director,\N
tt2140465,Tanu Weds Manu Returns,2015,2,Madhavan,actor,\N
tt5286444,Neerja,2016,5,Ram Madhvani,director,\N
tt4110568,Dil Dhadakne Do,2015,10,Shankar Mahadevan,composer,\N
tt4559006,Ae Dil Hai Mushkil,2016,10,Anil Mehta,cinematographer,\N
tt6108090,Secret Superstar,2017,10,Anil Mehta,cinematographer,\N
tt7147540,Made in India,2018,10,Anil Mehta,cinematographer,\N
tt3148502,Spectacle,2015,3,Piyush Mishra,actor,\N
tt7881550,Har Kisse Ke Hisse: Kaamyaab,2020,1,Sanjay Mishra,actor,\N
tt5997666,When Harry Met Sejal,2017,8,K.U. Mohanan,cinematographer,\N
tt5571734,Pink,2016,10,Shantanu Moitra,composer,\N
tt7700730,October,2018,10,Shantanu Moitra,composer,\N
tt6588966,Hichki,2018,1,Rani Mukerji,actress,\N
tt3159708,Welcome Back,2015,10,Firoz Nadiadwala,producer,producer
tt3148502,Spectacle,2015,6,Sajid Nadiadwala,producer,producer
tt3469244,Phantom,2015,10,Sajid Nadiadwala,producer,producer
tt3679060,Kapow,2016,8,Sajid Nadiadwala,producer,producer
tt4559046,Housefull 3,2016,10,Sajid Nadiadwala,producer,producer
tt4864932,Baaghi,2016,9,Sajid Nadiadwala,producer,producer
tt5456546,Twins 2,2017,9,Sajid Nadiadwala,producer,producer
tt7485048,Super 30,2019,9,Sajid Nadiadwala,producer,producer
tt7721946,Housefull 4,2019,10,Sajid Nadiadwala,writer,story
tt8366590,Baaghi 3,2020,8,Sajid Nadiadwala,writer,\N
tt9052870,Chhichhore,2019,8,Sajid Nadiadwala,producer,producer
tt10324144,Article 15,2019,2,Nassar,actor,\N
tt7581902,Sonu Ke Titu Ki Sweety,2018,4,Alok Nath,actor,\N
tt3398048,Tevar,2015,4,Deepti Naval,actress,\N
tt3802576,Brothers,2015,6,Gavin O'Connor,writer,original story
tt10324144,Article 15,2019,3,Manoj Pahwa,actor,\N
tt4467202,Hero,2015,4,Aditya Pancholi,actor,\N
tt3159708,Welcome Back,2015,8,Praful Parekh,writer,screenplay
tt10964430,Thappad,2020,4,Ratna Pathak Shah,actress,\N
tt9817760,Jai Mummy Di,2020,2,Supriya Pathak,actress,\N
tt7212726,Simmba,2017,6,Puri Jagannadh,writer,original story
tt5882970,Tubelight,2017,3,Om Puri,actor,\N
tt8176312,Gul Makai,2020,4,Om Puri,actor,\N
tt2395469,Gully Boy,2019,4,Vijay Raaz,actor,\N
tt6580564,102 Not Out,2018,2,Vijay Raaz,actor,\N
tt4559006,Ae Dil Hai Mushkil,2016,2,Aishwarya Rai Bachchan,actress,\N
tt5080556,2.0,2018,1,Rajinikanth,actor,\N
tt10463030,Bhoot: Part One - The Haunted Ship,2020,2,Ashutosh Rana,actor,\N
tt7212726,Simmba,2017,4,Ashutosh Rana,actor,\N
tt7430722,War,2019,4,Ashutosh Rana,actor,\N
tt7638344,Dhadak,2018,3,Ashutosh Rana,actor,\N
tt10309906,Shubh Mangal Zyada Saavdhan,2020,3,Gajraj Rao,actor,\N
tt7725596,Badhaai Ho,2018,3,Gajraj Rao,actor,\N
tt6452574,Sanju,2017,2,Paresh Rawal,actor,\N
tt8291224,Uri: The Surgical Strike,2019,2,Paresh Rawal,actor,\N
tt10875678,Happy Hardy and Heer,2020,10,Himesh Reshammiya,composer,\N
tt5460276,Kaabil,2017,3,Ronit Roy,actor,\N
tt5074352,Dangal,2016,3,Fatima Sana Shaikh,actress,\N
tt2631186,Baahubali: The Beginning,2015,4,Sathyaraj,actor,\N
tt7485048,Super 30,2019,4,Virendra Saxena,actor,\N
tt7027278,Kedarnath,2018,8,Ronnie Screwvala,producer,producer
tt8291224,Uri: The Surgical Strike,2019,6,Ronnie Screwvala,producer,producer
tt9766280,Bhangra Paa Le,2020,4,Parmeet Sethi,actor,\N
tt5080556,2.0,2018,5,S. Shankar,director,\N
tt6826438,Parmanu: The Story of Pokhran,2018,5,Abhishek Sharma,director,\N
tt7098658,Raazi,2018,4,Shishir Sharma,actor,\N
tt2140465,Tanu Weds Manu Returns,2015,3,Jimmy Sheirgill,actor,\N
tt8647400,De De Pyaar De,2019,4,Jimmy Sheirgill,actor,\N
tt11573410,Guns of Banaras,2020,4,Shilpa Shirodkar,actress,\N
tt7059844,Dabangg 3,2019,7,Dilip Shukla,writer,dialogue
tt5982852,Jolly LLB 2,2017,3,Saurabh Shukla,actor,\N
tt7363076,Raid,2018,4,Saurabh Shukla,actor,\N
tt9420648,Bala,2019,4,Saurabh Shukla,actor,\N
tt8130968,Badla,2019,3,Amrita Singh,actress,\N
tt9248940,Dream Girl,2019,10,Aashish Singh,producer,producer
tt7431594,Race 3,2018,9,Ramesh Sadhuram Taurani,producer,producer
tt7639372,Total Dhamaal,2019,10,Ashok Thakeria,producer,producer
tt5286444,Neerja,2016,3,Yogendra Tiku,actor,\N
tt7059844,Dabangg 3,2019,6,Alok Upadhyay,writer,screenplay
tt3148502,Spectacle,2015,8,Ravi Varman,cinematographer,\N
tt5690142,Mom,2017,7,Kona Venkat,writer,story
tt9248952,Jawaani Jaaneman,2020,8,Juan Vera,writer,original script
tt7147540,Made in India,2018,4,Raghuvir Yadav,actor,\N
tt2976182,Roy,2015,1,Arjun Rampal,actor,\N
tt5477608,Kahaani 2,2016,2,Arjun Rampal,actor,\N
tt11573410,Guns of Banaras,2020,1,Karann Nathh,actor,\N
tt8176312,Gul Makai,2020,9,Javed Ahtasham,cinematographer,\N
tt5997666,When Harry Met Sejal,2017,10,Jiri Karasek,production_designer,\N
tt5970844,Thugs Of Hindostan,2018,7,Ajay-Atul,composer,song composer
tt8108274,Tanhaji: The Unsung Warrior,2020,9,Ajay-Atul,composer,\N
tt8108198,Andhadhun,2018,7,Yogesh Chandekar,writer,\N
tt7725596,Badhaai Ho,2018,9,Hemant Bhandari,producer,producer
tt7725596,Badhaai Ho,2018,6,Akshat Ghildial,writer,screenplay and dialogue
tt4979082,Jai Gangaajal,2016,4,Ninad Kamat,actor,\N
tt2395469,Gully Boy,2019,2,Alia Bhatt,actress,\N
tt4007558,Shaandaar,2015,2,Alia Bhatt,actress,\N
tt4434004,Udta Punjab,2016,2,Alia Bhatt,actress,\N
tt4900716,Kapoor & Sons,2016,3,Alia Bhatt,actress,\N
tt5946128,Dear Zindagi,2016,1,Alia Bhatt,actress,\N
tt6277440,Badrinath Ki Dulhania,2017,2,Alia Bhatt,actress,\N
tt6988116,Kalank,2019,2,Alia Bhatt,actress,\N
tt7098658,Raazi,2018,1,Alia Bhatt,actress,\N
tt10930586,Shikara,2020,4,Priyanshu Chatterjee,actor,\N
tt10309906,Shubh Mangal Zyada Saavdhan,2020,6,Bhushan Kumar,producer,producer
tt10964430,Thappad,2020,7,Bhushan Kumar,producer,producer
tt2976182,Roy,2015,7,Bhushan Kumar,producer,producer
tt3848892,Baby,2015,7,Bhushan Kumar,producer,producer
tt4865436,Hate Story 3,2015,8,Bhushan Kumar,producer,producer
tt4906960,Baadshaho,2017,7,Bhushan Kumar,producer,producer
tt5764096,Hindi Medium,2017,9,Bhushan Kumar,producer,producer
tt6791730,Tumhari Sulu,2017,8,Bhushan Kumar,producer,producer
tt7363076,Raid,2018,7,Bhushan Kumar,producer,producer
tt7581902,Sonu Ke Titu Ki Sweety,2018,8,Bhushan Kumar,producer,producer
tt8108274,Tanhaji: The Unsung Warrior,2020,7,Bhushan Kumar,producer,producer
tt8202612,Satyameva Jayate,2018,9,Bhushan Kumar,producer,producer
tt8647400,De De Pyaar De,2019,10,Bhushan Kumar,producer,producer
tt8869978,Batla House,2019,9,Bhushan Kumar,producer,producer
tt9648672,Street Dancer 3D,2020,8,Bhushan Kumar,producer,producer
tt9877170,Malang,2020,9,Bhushan Kumar,producer,producer
tt10324144,Article 15,2019,5,Anubhav Sinha,director,\N
tt10964430,Thappad,2020,5,Anubhav Sinha,director,\N
tt0315642,Wazir,2016,2,Farhan Akhtar,actor,\N
tt2395469,Gully Boy,2019,8,Farhan Akhtar,producer,producer
tt3405236,Raees,2017,9,Farhan Akhtar,producer,producer
tt4110568,Dil Dhadakne Do,2015,8,Farhan Akhtar,writer,dialogue
tt6173990,GOLD,2018,8,Farhan Akhtar,producer,producer
tt6712014,Fukrey Returns,2017,7,Farhan Akhtar,producer,producer
tt2395469,Gully Boy,2019,6,Reema Kagti,writer,\N
tt4110568,Dil Dhadakne Do,2015,6,Reema Kagti,writer,story and screenplay
tt6173990,GOLD,2018,5,Reema Kagti,director,\N
tt8562960,Shaheed Chandrashekhar Azaad,2020,3,Anil Nagrath,actor,\N
tt2395469,Gully Boy,2019,10,Ritesh Sidhwani,producer,producer
tt4110568,Dil Dhadakne Do,2015,9,Ritesh Sidhwani,producer,producer
tt6173990,GOLD,2018,9,Ritesh Sidhwani,producer,producer
tt6712014,Fukrey Returns,2017,8,Ritesh Sidhwani,producer,producer
tt9248972,Mission Mangal,2019,7,Saketh Kondiparthi,writer,Writer
tt8108274,Tanhaji: The Unsung Warrior,2020,8,Krishan Kumar,producer,producer
tt11743900,Cookie,2020,9,Somraj Ganguli,composer,\N
tt11743900,Cookie,2020,8,Tuhin Chongder,composer,\N
tt9691324,Sab Kushal Mangal,2020,2,Priyaank Sharma,actor,\N
tt9691324,Sab Kushal Mangal,2020,3,Riva Kishan,actress,\N
tt6903440,Manikarnika: The Queen of Jhansi,2019,8,Himanshu Tripathi,writer,associate writer
tt5764096,Hindi Medium,2017,5,Saket Chaudhary,director,\N
tt5080556,2.0,2018,8,Abbas Tyrewala,writer,hindi dialogue
tt7430722,War,2019,8,Abbas Tyrewala,writer,dialogue
tt8907986,Angrezi Medium,2020,8,Vinay Chhawal,writer,\N
tt9691324,Sab Kushal Mangal,2020,5,Karan Vishwanath Kashyap,director,\N
tt3696192,Singh Is Bliing,2015,3,Lara Dutta,actress,\N
tt4906984,Azhar,2016,4,Lara Dutta,actress,\N
tt10930586,Shikara,2020,1,Sadia Khateeb,actress,\N
tt11743900,Cookie,2020,2,Rajeev Gupta,actor,\N
tt8130968,Badla,2019,6,Oriol Paulo,writer,based on a screenplay by
tt8983202,Kabir Singh,2019,4,Soham Majumdar,actor,\N
tt10324144,Article 15,2019,9,Piyush Shankar,composer,music director
tt6580564,102 Not Out,2018,5,Umesh Shukla,director,\N
tt11027850,Hacked,2020,10,Jatin Sethi,producer,producer
tt9248940,Dream Girl,2019,6,Nirmaan Dsingh,writer,Story and Screenplay
tt6836936,Saaho,2019,6,K.G.R Ashok,writer,tamil dialogue
tt11743900,Cookie,2020,7,Smita Tripathi,producer,producer
tt10875678,Happy Hardy and Heer,2020,3,Kavita Kumari,self,\N
tt10930586,Shikara,2020,7,Rahul Pandita,writer,Writer
tt9680136,Pati Patni Aur Woh,2019,7,Ravi Kumar,writer,associate writer
tt7059844,Dabangg 3,2019,4,Saiee Manjrekar,actress,\N
tt11509538,Haunted Hills,2020,1,Sharan Anandani,actor,\N
tt4559046,Housefull 3,2016,7,K. Subhash,writer,story
tt8983202,Kabir Singh,2019,9,Naman Chouhan,producer,producer
tt9420648,Bala,2019,9,Naman Chouhan,producer,producer
tt10324144,Article 15,2019,4,Kumud Mishra,actor,\N
tt10964430,Thappad,2020,3,Kumud Mishra,actor,\N
tt4387040,Airlift,2016,3,Kumud Mishra,actor,\N
tt9248952,Jawaani Jaaneman,2020,4,Kumud Mishra,actor,\N
tt11509538,Haunted Hills,2020,5,Sanjeev Kumar Rajput,director,\N
tt11509538,Haunted Hills,2020,7,Ravi Kant Dixit,producer,producer
tt5460276,Kaabil,2017,4,Rohit Roy,actor,\N
tt2395469,Gully Boy,2019,9,Sandeep Sharma,producer,producer
tt9248972,Mission Mangal,2019,10,Sandeep Sharma,producer,producer
tt11509538,Haunted Hills,2020,4,Nitin Dixit,actor,\N
tt11509538,Haunted Hills,2020,9,Shashi Kant Dixit,producer,producer
tt11509538,Haunted Hills,2020,8,Shailendra Dixit,producer,producer
tt11509538,Haunted Hills,2020,6,Banwari Lal Dixit,producer,producer
tt11573410,Guns of Banaras,2020,6,Ashok Munshi,producer,producer
tt7098658,Raazi,2018,5,Meghna Gulzar,director,\N
tt9614460,Chhapaak,2020,5,Meghna Gulzar,director,\N
tt10023024,Love Aaj Kal,2020,4,Arushi Sharma,actress,\N
tt9614460,Chhapaak,2020,7,Govind Singh Sandhu,producer,producer
tt11231440,Doordarshan,2020,6,Ritu Arya,producer,producer
tt11509538,Haunted Hills,2020,10,Santosh Pal,cinematographer,\N
tt11231440,Doordarshan,2020,10,Gautam Naresh,production_designer,\N
tt9766280,Bhangra Paa Le,2020,2,Rukshar Dhillon,actress,\N
tt4559006,Ae Dil Hai Mushkil,2016,6,Niranjan Iyengar,writer,dialogue
tt6903440,Manikarnika: The Queen of Jhansi,2019,7,Prasoon Joshi,writer,dialogue
tt3679000,Any Body Can Dance 2,2015,5,Remo D'Souza,director,\N
tt5235880,A Flying Jatt,2016,5,Remo D'Souza,director,\N
tt7431594,Race 3,2018,5,Remo D'Souza,director,\N
tt9648672,Street Dancer 3D,2020,5,Remo D'Souza,director,\N
tt5456546,Twins 2,2017,10,Sajid Ali,composer,\N
tt5156746,Force 2,2016,8,Vipul Amrutlal Shah,producer,producer
tt8366590,Baaghi 3,2020,4,Bhawani Singh Rathore,actor,\N
tt7255568,Student of the Year 2,2019,5,Punit Malhotra,director,\N
tt3735246,Bajirao Mastani,2015,7,Prakash Kapadia,writer,written by
tt5935704,Padmaavat,2017,6,Prakash Kapadia,writer,screenplay
tt8108274,Tanhaji: The Unsung Warrior,2020,6,Prakash Kapadia,writer,story
tt4430212,Drishyam,2015,9,Kumar Mangat Pathak,producer,producer
tt11027850,Hacked,2020,7,Rajkumar Janghare,writer,screenplay
tt8202612,Satyameva Jayate,2018,5,Milap Zaveri,director,\N
tt1806913,Hotchpotch Again,2017,6,Yunus Sajawal,writer,screenplay
tt4535650,Dilwale,2015,6,Yunus Sajawal,writer,screenplay
tt5456546,Twins 2,2017,6,Yunus Sajawal,writer,screenplay
tt7212726,Simmba,2017,8,Yunus Sajawal,writer,screenplay
tt8130968,Badla,2019,10,Akshai Puri,producer,co-producer
tt6826438,Parmanu: The Story of Pokhran,2018,10,Jeet Gannguli,composer,\N
tt3679000,Any Body Can Dance 2,2015,7,Mayur Puri,writer,dialogue
tt5970844,Thugs Of Hindostan,2018,10,Ritesh Soni,editor,\N
tt3405236,Raees,2017,5,Rahul Dholakia,director,\N
tt8562960,Shaheed Chandrashekhar Azaad,2020,4,Brownie Parasher,actor,\N
tt3678782,City of Revenge,2015,6,Massimo Carlotto,writer,story
tt3469244,Phantom,2015,5,Kabir Khan,director,\N
tt3863552,Bajrangi Bhaijaan,2015,5,Kabir Khan,director,\N
tt5882970,Tubelight,2017,5,Kabir Khan,director,\N
tt7431594,Race 3,2018,6,Shiraz Ahmed,writer,story and screenplay
tt8562960,Shaheed Chandrashekhar Azaad,2020,2,Arun Mathur,actor,\N
tt3771536,Shivaay,2016,10,Dharmendra Sharma,editor,film editor
tt8907986,Angrezi Medium,2020,5,Homi Adajania,director,\N
tt5477608,Kahaani 2,2016,5,Sujoy Ghosh,director,\N
tt8130968,Badla,2019,5,Sujoy Ghosh,director,\N
tt6826438,Parmanu: The Story of Pokhran,2018,2,Boman Irani,actor,\N
tt4979082,Jai Gangaajal,2016,5,Salim Merchant,composer,\N
tt5460276,Kaabil,2017,10,Salim Merchant,composer,\N
tt6580564,102 Not Out,2018,9,Salim Merchant,composer,\N
tt6791730,Tumhari Sulu,2017,3,Neha Dhupia,actress,\N
tt3469244,Phantom,2015,2,Katrina Kaif,actress,\N
tt4129428,Detective Jagga,2017,2,Katrina Kaif,actress,\N
tt5956100,Tiger Zinda Hai,2017,2,Katrina Kaif,actress,\N
tt5970844,Thugs Of Hindostan,2018,2,Katrina Kaif,actress,\N
tt6527426,Zero,2018,3,Katrina Kaif,actress,\N
tt7721800,Bharat,2019,2,Katrina Kaif,actress,\N
tt3735246,Bajirao Mastani,2015,3,Priyanka Chopra,actress,\N
tt4110568,Dil Dhadakne Do,2015,3,Priyanka Chopra,actress,\N
tt4979082,Jai Gangaajal,2016,1,Priyanka Chopra,actress,\N
tt4979082,Jai Gangaajal,2016,6,Sachin Krishn,cinematographer,\N
tt9691324,Sab Kushal Mangal,2020,8,Sachin Krishn,cinematographer,\N
tt3398048,Tevar,2015,9,Sunil Manchanda,producer,producer
tt2395469,Gully Boy,2019,7,Vijay Maurya,writer,Dialogue
tt6791730,Tumhari Sulu,2017,4,Vijay Maurya,actor,\N
tt5108476,Befikre,2016,9,Shekhar Ravjiani,composer,\N
tt5956100,Tiger Zinda Hai,2017,10,Shekhar Ravjiani,composer,\N
tt7255568,Student of the Year 2,2019,4,Aditya Seal,actor,\N
tt5997666,When Harry Met Sejal,2017,7,Hitesh Sonik,composer,\N
tt6588966,Hichki,2018,10,Hitesh Sonik,composer,\N
tt7027278,Kedarnath,2018,9,Hitesh Sonik,composer,\N
tt0315642,Wazir,2016,9,Shubhra Swarup,writer,screenplay
tt4640206,Sachin - A Billion Dreams,2017,6,Siva Ananth,writer,written by
tt3735246,Bajirao Mastani,2015,10,Sudeep Chatterjee,cinematographer,\N
tt6971752,Shubh Mangal Savdhan,2017,3,Seema Bhargava,actress,\N
tt11573410,Guns of Banaras,2020,7,Shaina Nath,producer,producer
tt6843812,Baaghi 2,2018,9,Jojo Khan,writer,screenplay
tt6903440,Manikarnika: The Queen of Jhansi,2019,4,Rimi Sen,actress,\N
tt5108476,Befikre,2016,4,Julie Ordon,actress,\N
tt4864932,Baaghi,2016,5,Sabir Khan,director,\N
tt6117702,Munna Michael,2017,5,Sabir Khan,director,\N
tt4559046,Housefull 3,2016,3,Riteish Deshmukh,actor,\N
tt7639372,Total Dhamaal,2019,4,Riteish Deshmukh,actor,\N
tt7721946,Housefull 4,2019,2,Riteish Deshmukh,actor,\N
tt8366590,Baaghi 3,2020,2,Riteish Deshmukh,actor,\N
tt5080556,2.0,2018,4,Adil Hussain,actor,\N
tt5156746,Force 2,2016,4,Adil Hussain,actor,\N
tt5460276,Kaabil,2017,6,Sanjay Masoomm,writer,dialogue
tt0315642,Wazir,2016,4,John Abraham,actor,\N
tt3159708,Welcome Back,2015,4,John Abraham,actor,\N
tt3679060,Kapow,2016,1,John Abraham,actor,\N
tt5156746,Force 2,2016,1,John Abraham,actor,\N
tt6826438,Parmanu: The Story of Pokhran,2018,1,John Abraham,actor,\N
tt8202612,Satyameva Jayate,2018,1,John Abraham,actor,\N
tt8869978,Batla House,2019,1,John Abraham,actor,\N
tt5956100,Tiger Zinda Hai,2017,6,Neelesh Misra,writer,story
tt6277440,Badrinath Ki Dulhania,2017,3,Sahil Vaid,actor,\N
tt3495026,Fan,2016,9,Vishal Dadlani,composer,\N
tt5108476,Befikre,2016,7,Vishal Dadlani,composer,\N
tt5956100,Tiger Zinda Hai,2017,8,Vishal Dadlani,composer,\N
tt7027278,Kedarnath,2018,4,Alka Amin,actress,\N
tt8647400,De De Pyaar De,2019,5,Akiv Ali,director,\N
tt4434004,Udta Punjab,2016,5,Abhishek Chaubey,director,\N
tt4430212,Drishyam,2015,2,Shriya Saran,actress,\N
tt4387040,Airlift,2016,5,Raja Menon,director,\N
tt4387040,Airlift,2016,8,Suresh Nair,writer,screenplay
tt5477608,Kahaani 2,2016,6,Suresh Nair,writer,story
tt10875678,Happy Hardy and Heer,2020,6,Sonia Kapoor,writer,\N
tt7700730,October,2018,3,Gitanjali Rao,actress,\N
tt10023024,Love Aaj Kal,2020,7,Pritam Chakraborty,composer,\N
tt3679060,Kapow,2016,9,Pritam Chakraborty,composer,\N
tt4535650,Dilwale,2015,10,Pritam Chakraborty,composer,\N
tt4559006,Ae Dil Hai Mushkil,2016,9,Pritam Chakraborty,composer,\N
tt5882970,Tubelight,2017,8,Pritam Chakraborty,composer,\N
tt9052870,Chhichhore,2019,9,Pritam Chakraborty,composer,\N
tt4640206,Sachin - A Billion Dreams,2017,1,Sachin Tendulkar,actor,\N
tt11743900,Cookie,2020,5,Lalit Marathe,director,\N
tt7721946,Housefull 4,2019,8,Sajid Khan,writer,screenplay
tt8108202,Stree,2018,7,Krishna D.K.,writer,written by
tt8108202,Stree,2018,6,Raj Nidimoru,writer,written by
tt7430722,War,2019,7,Shridhar Raghavan,writer,screenplay
tt4007558,Shaandaar,2015,1,Shahid Kapoor,actor,\N
tt4434004,Udta Punjab,2016,1,Shahid Kapoor,actor,\N
tt5935704,Padmaavat,2017,3,Shahid Kapoor,actor,\N
tt8983202,Kabir Singh,2019,1,Shahid Kapoor,actor,\N
tt3595298,Found a Treasure Called Love,2015,10,Sanjoy Chowdhury,composer,\N
tt3848892,Baby,2015,10,Sanjoy Chowdhury,composer,\N
tt4169250,M.S. Dhoni: The Untold Story,2016,10,Sanjoy Chowdhury,composer,\N
tt7431594,Race 3,2018,7,Kiran Kotrial,writer,dialogue
tt10023024,Love Aaj Kal,2020,9,Amit Roy,cinematographer,director of photography
tt3767372,Piku,2015,9,N.P. Singh,producer,producer
tt4832640,Sultan,2016,8,Artur Zurawski,cinematographer,director of photography
tt5982852,Jolly LLB 2,2017,5,Subhash Kapoor,director,\N
tt3595298,Found a Treasure Called Love,2015,7,Ajit Kumar Barjatya,producer,producer
tt3595298,Found a Treasure Called Love,2015,9,Rajkumar Barjatya,producer,producer
tt3859980,Mohenjo Daro,2016,10,C.K. Muraleedharan,cinematographer,director of photography
tt3678782,City of Revenge,2015,8,Pooja Ladha Surti,writer,screenplay and dialogue
tt8108198,Andhadhun,2018,9,Pooja Ladha Surti,writer,\N
tt4129428,Detective Jagga,2017,3,Saswata Chatterjee,actor,\N
tt4979082,Jai Gangaajal,2016,7,Santosh Mandal,editor,\N
tt4129428,Detective Jagga,2017,5,Anurag Basu,director,\N
tt7212726,Simmba,2017,3,Sonu Sood,actor,\N
tt5477608,Kahaani 2,2016,4,Kharaj Mukherjee,actor,\N
tt4906960,Baadshaho,2017,3,Emraan Hashmi,actor,\N
tt4906984,Azhar,2016,1,Emraan Hashmi,actor,\N
tt2424988,Gabbar is Back,2015,6,A.R. Murugadoss,writer,story
tt3678782,City of Revenge,2015,5,Sriram Raghavan,director,\N
tt8108198,Andhadhun,2018,5,Sriram Raghavan,director,\N
tt2631186,Baahubali: The Beginning,2015,5,S.S. Rajamouli,director,\N
tt4849438,Baahubali 2: The Conclusion,2017,5,S.S. Rajamouli,director,\N
tt6108090,Secret Superstar,2017,7,Kiran Rao,producer,producer
tt1806913,Hotchpotch Again,2017,5,Rohit Shetty,director,\N
tt4535650,Dilwale,2015,5,Rohit Shetty,director,\N
tt7212726,Simmba,2017,5,Rohit Shetty,director,\N
tt5690142,Mom,2017,4,Adnan Siddiqui,actor,\N
tt5842616,Veere Di Wedding,2018,5,Shashanka Ghosh,director,\N
tt7218518,Pad Man,2018,4,Jyoti Subhash,actress,\N
tt10309906,Shubh Mangal Zyada Saavdhan,2020,7,Divya Khosla Kumar,producer,producer
tt2976182,Roy,2015,8,Divya Khosla Kumar,producer,producer
tt5286444,Neerja,2016,8,Atul Kasbekar,producer,producer
tt6791730,Tumhari Sulu,2017,7,Atul Kasbekar,producer,producer
tt7721800,Bharat,2019,3,Sunil Grover,actor,\N
tt3679000,Any Body Can Dance 2,2015,6,Tushar Hiranandani,writer,\N
tt3679060,Kapow,2016,6,Tushar Hiranandani,writer,story and screenplay
tt5235880,A Flying Jatt,2016,6,Tushar Hiranandani,writer,screenplay
tt5474042,Half Girlfriend,2017,7,Tushar Hiranandani,writer,screenplay
tt5946128,Dear Zindagi,2016,3,Kunal Kapoor,actor,\N
tt6173990,GOLD,2018,3,Kunal Kapoor,actor,\N
tt3848892,Baby,2015,9,Vikram Malhotra,producer,producer
tt3469244,Phantom,2015,6,Hussain Zaidi,writer,story
tt7881550,Har Kisse Ke Hisse: Kaamyaab,2020,4,Isha Talwar,actress,\N
tt3148502,Spectacle,2015,9,Aarti Bajaj,editor,\N
tt5997666,When Harry Met Sejal,2017,9,Aarti Bajaj,editor,\N
tt3678782,City of Revenge,2015,2,Nawazuddin Siddiqui,actor,\N
tt3863552,Bajrangi Bhaijaan,2015,3,Nawazuddin Siddiqui,actor,\N
tt6117702,Munna Michael,2017,3,Nawazuddin Siddiqui,actor,\N
tt2424988,Gabbar is Back,2015,3,Shruti Haasan,actress,\N
tt6277440,Badrinath Ki Dulhania,2017,4,Swanand Kirkire,actor,\N
tt7218518,Pad Man,2018,6,Swanand Kirkire,writer,\N
tt6173990,GOLD,2018,10,Sachin Sanghvi,composer,\N
tt2976182,Roy,2015,3,Ranbir Kapoor,actor,\N
tt3148502,Spectacle,2015,2,Ranbir Kapoor,actor,\N
tt4129428,Detective Jagga,2017,1,Ranbir Kapoor,actor,\N
tt4559006,Ae Dil Hai Mushkil,2016,1,Ranbir Kapoor,actor,\N
tt6452574,Sanju,2017,1,Ranbir Kapoor,actor,\N
tt3802576,Brothers,2015,5,Karan Malhotra,director,\N
tt7639372,Total Dhamaal,2019,7,Ved Prakash,writer,\N
tt7255568,Student of the Year 2,2019,8,Arshad Sayed,writer,\N
tt2631186,Baahubali: The Beginning,2015,1,Prabhas,actor,\N
tt4849438,Baahubali 2: The Conclusion,2017,1,Prabhas,actor,\N
tt6836936,Saaho,2019,1,Prabhas,actor,\N
tt1806913,Hotchpotch Again,2017,4,Shreyas Talpade,actor,\N
tt10023024,Love Aaj Kal,2020,5,Imtiaz Ali,director,\N
tt3148502,Spectacle,2015,5,Imtiaz Ali,director,\N
tt5997666,When Harry Met Sejal,2017,5,Imtiaz Ali,director,\N
tt7700730,October,2018,7,Sheel Kumar,producer,producer
tt7059844,Dabangg 3,2019,2,Sudeep,actor,\N
tt6903440,Manikarnika: The Queen of Jhansi,2019,2,Jishu Sengupta,actor,\N
tt5970844,Thugs Of Hindostan,2018,5,Vijay Krishna Acharya,director,\N
tt4832640,Sultan,2016,9,Rameshwar S. Bhagat,editor,\N
tt4430212,Drishyam,2015,5,Nishikant Kamat,director,\N
tt3802576,Brothers,2015,8,Ekta Pathak Malhotra,writer,adapted screenplay
tt4430136,Pyaar Ka Punchnama 2,2015,10,Sandeep Shirodkar,composer,\N
tt4906984,Azhar,2016,10,Sandeep Shirodkar,composer,\N
tt8108274,Tanhaji: The Unsung Warrior,2020,10,Sandeep Shirodkar,composer,\N
tt7721800,Bharat,2019,6,Su-jin Park,writer,original screenplay
tt5477608,Kahaani 2,2016,9,Jayantilal Gada,producer,producer
tt3595298,Found a Treasure Called Love,2015,3,Neil Nitin Mukesh,actor,\N
tt6836936,Saaho,2019,4,Neil Nitin Mukesh,actor,\N
tt2140465,Tanu Weds Manu Returns,2015,4,Deepak Dobriyal,actor,\N
tt3595298,Found a Treasure Called Love,2015,4,Deepak Dobriyal,actor,\N
tt5764096,Hindi Medium,2017,4,Deepak Dobriyal,actor,\N
tt7881550,Har Kisse Ke Hisse: Kaamyaab,2020,2,Deepak Dobriyal,actor,\N
tt8907986,Angrezi Medium,2020,4,Deepak Dobriyal,actor,\N
tt5477608,Kahaani 2,2016,1,Vidya Balan,actress,\N
tt6791730,Tumhari Sulu,2017,1,Vidya Balan,actress,\N
tt9248972,Mission Mangal,2019,2,Vidya Balan,actress,\N
tt2424988,Gabbar is Back,2015,7,Rajat Arora,writer,additional screenplay
tt4906960,Baadshaho,2017,6,Rajat Arora,writer,story
tt4906984,Azhar,2016,6,Rajat Arora,writer,\N
tt10023024,Love Aaj Kal,2020,6,Dinesh Vijan,producer,producer
tt3678782,City of Revenge,2015,10,Dinesh Vijan,producer,producer
tt8108202,Stree,2018,10,Dinesh Vijan,producer,producer
tt8908002,Luka Chuppi,2019,7,Dinesh Vijan,producer,producer
tt9420648,Bala,2019,10,Dinesh Vijan,producer,producer
tt4832640,Sultan,2016,5,Ali Abbas Zafar,director,\N
tt5956100,Tiger Zinda Hai,2017,5,Ali Abbas Zafar,director,\N
tt7721800,Bharat,2019,5,Ali Abbas Zafar,director,\N
tt6712014,Fukrey Returns,2017,5,Mrighdeep Lamba,director,\N
tt7098658,Raazi,2018,7,Bhavani Iyer,writer,screenplay
tt3398048,Tevar,2015,1,Arjun Kapoor,actor,\N
tt4744086,Her & Him,2016,4,Arjun Kapoor,actor,\N
tt6272828,Mubarakan,2017,2,Arjun Kapoor,actor,\N
tt4864932,Baaghi,2016,8,Sanjeev Dutta,writer,Writer
tt7485048,Super 30,2019,6,Sanjeev Dutta,writer,\N
tt11027850,Hacked,2020,3,Sid Makkar,actor,\N
tt3495026,Fan,2016,5,Maneesh Sharma,director,\N
tt6588966,Hichki,2018,9,Maneesh Sharma,producer,producer
tt7147540,Made in India,2018,7,Maneesh Sharma,producer,producer
tt8647400,De De Pyaar De,2019,6,Surabhi Bhatnagar,writer,\N
tt3679000,Any Body Can Dance 2,2015,10,Manan Sagar,editor,\N
tt4434004,Udta Punjab,2016,8,Aman Gill,producer,producer
tt5235880,A Flying Jatt,2016,9,Aman Gill,producer,producer
tt3848892,Baby,2015,6,Shital Bhatia,producer,producer
tt5165344,Rustom,2016,9,Shital Bhatia,producer,producer
tt5785170,Toilet: A Love Story,2017,9,Shital Bhatia,producer,producer
tt6170954,Naam Shabana,2017,9,Shital Bhatia,producer,producer
tt7639372,Total Dhamaal,2019,6,Paritosh Painter,writer,\N
tt9248952,Jawaani Jaaneman,2020,9,Daniel CÃºparo,writer,original script
tt5474042,Half Girlfriend,2017,5,Mohit Suri,director,\N
tt9877170,Malang,2020,5,Mohit Suri,director,\N
tt2140465,Tanu Weds Manu Returns,2015,10,Chirantan Das,cinematographer,\N
tt7430722,War,2019,5,Siddharth Anand,director,\N
tt5946128,Dear Zindagi,2016,5,Gauri Shinde,director,\N
tt4387040,Airlift,2016,2,Nimrat Kaur,actress,\N
tt7639372,Total Dhamaal,2019,9,Anand Pandit,producer,producer
tt8108198,Andhadhun,2018,10,Olivier Treiner,writer,based on the story by
tt4387040,Airlift,2016,7,Ritesh Shah,writer,screenplay
tt5477608,Kahaani 2,2016,7,Ritesh Shah,writer,dialogue
tt5571734,Pink,2016,7,Ritesh Shah,writer,story
tt7363076,Raid,2018,6,Ritesh Shah,writer,\N
tt8869978,Batla House,2019,6,Ritesh Shah,writer,\N
tt3771536,Shivaay,2016,8,Mithun Sharma,composer,\N
tt4302956,Kis Kisko Pyaar Karoon,2015,10,Dheeraj Sarna,writer,screenplay and dialogue
tt3696192,Singh Is Bliing,2015,4,Kay Kay Menon,actor,\N
tt5235880,A Flying Jatt,2016,4,Kay Kay Menon,actor,\N
tt4865436,Hate Story 3,2015,5,Vishal Pandya,director,\N
tt4849438,Baahubali 2: The Conclusion,2017,4,Tamannaah Bhatia,actress,\N
tt4979082,Jai Gangaajal,2016,3,Manav Kaul,actor,\N
tt6791730,Tumhari Sulu,2017,2,Manav Kaul,actor,\N
tt3495026,Fan,2016,6,Habib Faisal,writer,screenplay
tt4302956,Kis Kisko Pyaar Karoon,2015,3,Manjari Fadnnis,actress,\N
tt5956100,Tiger Zinda Hai,2017,3,Angad Bedi,actor,\N
tt4430136,Pyaar Ka Punchnama 2,2015,9,Clinton Cerejo,composer,\N
tt3767372,Piku,2015,5,Shoojit Sircar,director,\N
tt5571734,Pink,2016,6,Shoojit Sircar,writer,story
tt7700730,October,2018,5,Shoojit Sircar,director,\N
tt9052870,Chhichhore,2019,10,Sameeruddin,composer,\N
tt4849438,Baahubali 2: The Conclusion,2017,3,Anushka Shetty,actress,\N
tt5286444,Neerja,2016,7,Sanyuktha Chawla Shaikh,writer,dialogue
tt6826438,Parmanu: The Story of Pokhran,2018,7,Sanyuktha Chawla Shaikh,writer,\N
tt10463030,Bhoot: Part One - The Haunted Ship,2020,3,Meher Vij,actress,\N
tt6108090,Secret Superstar,2017,2,Meher Vij,actress,\N
tt7638344,Dhadak,2018,2,Ishaan Khattar,actor,\N
tt5235880,A Flying Jatt,2016,7,Aakash Kaushik,writer,dialogue
tt7431594,Race 3,2018,8,Ali Jacko,writer,I Found Love
tt6988116,Kalank,2019,6,Shibani Bathija,writer,story
tt7212726,Simmba,2017,7,Vakkantham Vamsi,writer,original story
tt4430212,Drishyam,2015,10,Sarita Patil,producer,producer
tt6843812,Baaghi 2,2018,8,Abbas Hirapurwala,writer,screenplay
tt4007558,Shaandaar,2015,7,Anvita Dutt,writer,screenplay and dialogue
tt3595298,Found a Treasure Called Love,2015,6,Aash Karan Atal,writer,dialogue
tt10463030,Bhoot: Part One - The Haunted Ship,2020,9,Apoorva Mehta,producer,producer
tt4559006,Ae Dil Hai Mushkil,2016,8,Apoorva Mehta,producer,producer
tt4900716,Kapoor & Sons,2016,10,Apoorva Mehta,producer,producer
tt5946128,Dear Zindagi,2016,9,Apoorva Mehta,producer,producer
tt6264938,Kesari,2019,9,Apoorva Mehta,producer,producer
tt6277440,Badrinath Ki Dulhania,2017,8,Apoorva Mehta,producer,producer
tt6988116,Kalank,2019,10,Apoorva Mehta,producer,producer
tt7255568,Student of the Year 2,2019,10,Apoorva Mehta,producer,producer
tt7638344,Dhadak,2018,9,Apoorva Mehta,producer,producer
tt3595298,Found a Treasure Called Love,2015,2,Sonam Kapoor,actress,\N
tt5286444,Neerja,2016,1,Sonam Kapoor,actress,\N
tt5842616,Veere Di Wedding,2018,2,Sonam Kapoor,actress,\N
tt7218518,Pad Man,2018,3,Sonam Kapoor,actress,\N
tt4007558,Shaandaar,2015,5,Vikas Bahl,director,\N
tt4434004,Udta Punjab,2016,7,Vikas Bahl,producer,producer
tt7485048,Super 30,2019,5,Vikas Bahl,director,\N
tt3148502,Spectacle,2015,1,Deepika Padukone,actress,\N
tt3735246,Bajirao Mastani,2015,2,Deepika Padukone,actress,\N
tt3767372,Piku,2015,1,Deepika Padukone,actress,\N
tt5935704,Padmaavat,2017,1,Deepika Padukone,actress,\N
tt9614460,Chhapaak,2020,1,Deepika Padukone,actress,\N
tt2140465,Tanu Weds Manu Returns,2015,1,Kangana Ranaut,actress,\N
tt6903440,Manikarnika: The Queen of Jhansi,2019,1,Kangana Ranaut,actress,\N
tt8983166,Panga,2020,1,Kangana Ranaut,actress,\N
tt9691324,Sab Kushal Mangal,2020,9,Prashant Singh Rathore,editor,\N
tt6272828,Mubarakan,2017,7,Rajesh Chawla,writer,dialogue
tt4430136,Pyaar Ka Punchnama 2,2015,3,Sunny Singh Nijjar,actor,\N
tt7581902,Sonu Ke Titu Ki Sweety,2018,3,Sunny Singh Nijjar,actor,\N
tt9817760,Jai Mummy Di,2020,3,Sunny Singh Nijjar,actor,\N
tt4640206,Sachin - A Billion Dreams,2017,7,Sandeep Srivastava,writer,hindi dialogue
tt4865436,Hate Story 3,2015,4,Daisy Shah,actress,\N
tt5785170,Toilet: A Love Story,2017,4,Ayesha Raza,actress,\N
tt6117702,Munna Michael,2017,8,Vikram Rajani,producer,producer
tt9691324,Sab Kushal Mangal,2020,6,Brijendra Kala,writer,\N
tt6170954,Naam Shabana,2017,5,Shivam Nair,director,\N
tt5571734,Pink,2016,9,Rashmi Sharma,producer,producer
tt1806913,Hotchpotch Again,2017,7,Farhad Samji,writer,dialogue
tt4535650,Dilwale,2015,7,Farhad Samji,writer,dialogue
tt4559046,Housefull 3,2016,6,Farhad Samji,director,\N
tt5456546,Twins 2,2017,7,Farhad Samji,writer,dialogue
tt7212726,Simmba,2017,10,Farhad Samji,writer,dialogue
tt7721946,Housefull 4,2019,5,Farhad Samji,director,\N
tt8366590,Baaghi 3,2020,9,Farhad Samji,writer,writer
tt9648672,Street Dancer 3D,2020,6,Farhad Samji,writer,\N
tt8907986,Angrezi Medium,2020,6,Bhavesh Mandalia,writer,\N
tt4906984,Azhar,2016,3,Prachi Desai,actress,\N
tt3398048,Tevar,2015,5,Amit Ravindernath Sharma,director,\N
tt7725596,Badhaai Ho,2018,5,Amit Ravindernath Sharma,director,\N
tt2631186,Baahubali: The Beginning,2015,2,Rana Daggubati,actor,\N
tt3848892,Baby,2015,3,Rana Daggubati,actor,\N
tt4849438,Baahubali 2: The Conclusion,2017,2,Rana Daggubati,actor,\N
tt11231440,Doordarshan,2020,1,Manu Rishi Chadha,actor,\N
tt5882970,Tubelight,2017,7,Manu Rishi Chadha,writer,dialogue
tt5571734,Pink,2016,5,Aniruddha Roy Chowdhury,director,\N
tt4906960,Baadshaho,2017,2,Ileana D'Cruz,actress,\N
tt5165344,Rustom,2016,2,Ileana D'Cruz,actress,\N
tt6272828,Mubarakan,2017,3,Ileana D'Cruz,actress,\N
tt7363076,Raid,2018,2,Ileana D'Cruz,actress,\N
tt7218518,Pad Man,2018,2,Radhika Apte,actress,\N
tt8108198,Andhadhun,2018,3,Radhika Apte,actress,\N
tt8291224,Uri: The Surgical Strike,2019,5,Aditya Dhar,director,\N
tt0315642,Wazir,2016,5,Bejoy Nambiar,director,\N
tt2631186,Baahubali: The Beginning,2015,6,Vijayendra Prasad,writer,story by
tt3863552,Bajrangi Bhaijaan,2015,6,Vijayendra Prasad,writer,original story
tt4849438,Baahubali 2: The Conclusion,2017,6,Vijayendra Prasad,writer,story by
tt6903440,Manikarnika: The Queen of Jhansi,2019,6,Vijayendra Prasad,writer,story and screenplay
tt5842616,Veere Di Wedding,2018,8,Nikhil Dwivedi,producer,producer
tt7059844,Dabangg 3,2019,9,Nikhil Dwivedi,producer,producer
tt10875678,Happy Hardy and Heer,2020,7,Bunty Rathore,writer,dialogue writer
tt7639372,Total Dhamaal,2019,8,Bunty Rathore,writer,\N
tt3405236,Raees,2017,1,Raj Arjun,actor,\N
tt6108090,Secret Superstar,2017,3,Raj Arjun,actor,\N
tt4832640,Sultan,2016,7,Julius Packiam,composer,\N
tt5882970,Tubelight,2017,9,Julius Packiam,composer,\N
tt5956100,Tiger Zinda Hai,2017,9,Julius Packiam,composer,\N
tt6108090,Secret Superstar,2017,5,Advait Chandan,director,\N
tt0315642,Wazir,2016,3,Aditi Rao Hydari,actress,\N
tt5935704,Padmaavat,2017,4,Aditi Rao Hydari,actress,\N
tt4430136,Pyaar Ka Punchnama 2,2015,8,Abhishek Pathak,producer,producer
tt4430212,Drishyam,2015,8,Abhishek Pathak,producer,producer
tt7363076,Raid,2018,10,Abhishek Pathak,producer,producer
tt10309906,Shubh Mangal Zyada Saavdhan,2020,9,Aanand L. Rai,producer,producer
tt2140465,Tanu Weds Manu Returns,2015,5,Aanand L. Rai,director,\N
tt6527426,Zero,2018,5,Aanand L. Rai,director,\N
tt6971752,Shubh Mangal Savdhan,2017,8,Aanand L. Rai,producer,producer
tt10309906,Shubh Mangal Zyada Saavdhan,2020,10,Himanshu Sharma,producer,producer
tt2140465,Tanu Weds Manu Returns,2015,6,Himanshu Sharma,writer,\N
tt6527426,Zero,2018,6,Himanshu Sharma,writer,writer
tt4906960,Baadshaho,2017,10,John Stewart Eduri,composer,\N
tt5970844,Thugs Of Hindostan,2018,8,John Stewart Eduri,composer,\N
tt6277440,Badrinath Ki Dulhania,2017,10,John Stewart Eduri,composer,\N
tt7638344,Dhadak,2018,10,John Stewart Eduri,composer,\N
tt4430136,Pyaar Ka Punchnama 2,2015,4,Nushrat Bharucha,actress,\N
tt7581902,Sonu Ke Titu Ki Sweety,2018,2,Nushrat Bharucha,actress,\N
tt9248940,Dream Girl,2019,2,Nushrat Bharucha,actress,\N
tt5108476,Befikre,2016,3,Akarsh Khurana,actor,\N
tt9680136,Pati Patni Aur Woh,2019,5,Mudassar Aziz,director,\N
tt4900716,Kapoor & Sons,2016,5,Shakun Batra,director,\N
tt6173990,GOLD,2018,6,Rajesh Devraj,writer,story
tt3735246,Bajirao Mastani,2015,8,Kishore Lulla,producer,producer
tt3696192,Singh Is Bliing,2015,10,Sneha Khanwalkar,composer,\N
tt8291224,Uri: The Surgical Strike,2019,10,Aditya Kanwar,production_designer,\N
tt4832640,Sultan,2016,10,Rajnish Hedao,production_designer,\N
tt3679060,Kapow,2016,5,Rohit Dhawan,director,\N
tt4900716,Kapoor & Sons,2016,6,Ayesha DeVitre,writer,\N
tt4430212,Drishyam,2015,6,Jeethu Joseph,writer,original story
tt10875678,Happy Hardy and Heer,2020,1,Ashwin Dhar,actor,\N
tt8908002,Luka Chuppi,2019,5,Laxman Utekar,director,\N
tt2976182,Roy,2015,2,Jacqueline Fernandez,actress,\N
tt3679060,Kapow,2016,3,Jacqueline Fernandez,actress,\N
tt3802576,Brothers,2015,4,Jacqueline Fernandez,actress,\N
tt5235880,A Flying Jatt,2016,2,Jacqueline Fernandez,actress,\N
tt5456546,Twins 2,2017,2,Jacqueline Fernandez,actress,\N
tt7431594,Race 3,2018,4,Jacqueline Fernandez,actress,\N
tt2140465,Tanu Weds Manu Returns,2015,7,Sunil Lulla,producer,producer
tt3863552,Bajrangi Bhaijaan,2015,10,Sunil Lulla,producer,producer
tt4744086,Her & Him,2016,9,Sunil Lulla,producer,producer
tt6117702,Munna Michael,2017,7,Sunil Lulla,producer,producer
tt8130968,Badla,2019,7,Raj Vasant,writer,Dialogue
tt7721800,Bharat,2019,9,Alvira Khan,producer,producer
tt4744086,Her & Him,2016,5,R. Balki,director,\N
tt5946128,Dear Zindagi,2016,6,R. Balki,producer,producer
tt7218518,Pad Man,2018,5,R. Balki,director,\N
tt9248972,Mission Mangal,2019,6,R. Balki,writer,\N
tt1806913,Hotchpotch Again,2017,8,Sajid,writer,dialogue
tt4535650,Dilwale,2015,8,Sajid,writer,dialogue
tt4559046,Housefull 3,2016,5,Sajid,director,\N
tt5456546,Twins 2,2017,8,Sajid,writer,dialogue
tt7212726,Simmba,2017,9,Sajid,writer,screenplay
tt3495026,Fan,2016,7,Sharat Katariya,writer,dialogue
tt5108476,Befikre,2016,6,Sharat Katariya,writer,dialogue
tt7147540,Made in India,2018,5,Sharat Katariya,director,\N
tt6712014,Fukrey Returns,2017,9,ishQ Bector,composer,original music composer
tt3679000,Any Body Can Dance 2,2015,4,Lauren Gottlieb,actress,\N
tt6967980,Bareilly Ki Barfi,2017,4,Pankaj Tripathi,actor,\N
tt8108202,Stree,2018,3,Pankaj Tripathi,actor,\N
tt8908002,Luka Chuppi,2019,4,Pankaj Tripathi,actor,\N
tt4559006,Ae Dil Hai Mushkil,2016,4,Fawad Khan,actor,\N
tt4900716,Kapoor & Sons,2016,2,Fawad Khan,actor,\N
tt6791730,Tumhari Sulu,2017,6,Tanuj Garg,producer,producer
tt5474042,Half Girlfriend,2017,6,Chetan Bhagat,writer,novel
tt9877170,Malang,2020,6,Aseem Arrora,writer,\N
tt8108202,Stree,2018,9,Pawan Sony,writer,additional story
tt5074352,Dangal,2016,2,Sakshi Tanwar,actress,\N
tt4559046,Housefull 3,2016,9,Jitendra Parmar,writer,story writer
tt4832640,Sultan,2016,2,Amit Sadh,actor,\N
tt6173990,GOLD,2018,4,Amit Sadh,actor,\N
tt8108274,Tanhaji: The Unsung Warrior,2020,3,Sharad Kelkar,actor,\N
tt4865436,Hate Story 3,2015,2,Karan Singh Grover,actor,\N
tt6988116,Kalank,2019,5,Abhishek Varman,director,\N
tt7027278,Kedarnath,2018,6,Kanika Dhillon,writer,story
tt5935704,Padmaavat,2017,8,Shobha Sant,producer,producer
tt9691324,Sab Kushal Mangal,2020,10,Tariq Umar Khan,production_designer,\N
tt4744086,Her & Him,2016,6,Rishi Virmani,writer,\N
tt9248952,Jawaani Jaaneman,2020,5,Nitin Kakkar,director,\N
tt5108476,Befikre,2016,10,Kaname Onoyama,cinematographer,\N
tt4434004,Udta Punjab,2016,6,Sudip Sharma,writer,screenplay
tt7363076,Raid,2018,5,Raj Kumar Gupta,director,\N
tt4979082,Jai Gangaajal,2016,8,Udai Prakash Singh,production_designer,\N
tt7881550,Har Kisse Ke Hisse: Kaamyaab,2020,6,Radhika Anand,writer,dialogue
tt11231440,Doordarshan,2020,2,Mahie Gill,actress,\N
tt4906984,Azhar,2016,7,Aditi Mediratta,writer,associate writer
tt7147540,Made in India,2018,3,Namit Das,actor,\N
tt4007558,Shaandaar,2015,10,Madhu Mantena Varma,producer,producer
tt7485048,Super 30,2019,8,Madhu Mantena Varma,producer,producer
tt11573410,Guns of Banaras,2020,8,Sohail Sen,composer,\N
tt5474042,Half Girlfriend,2017,8,Ishita Moitra,writer,dialogue
tt5946128,Dear Zindagi,2016,10,Amit Trivedi,composer,\N
tt6108090,Secret Superstar,2017,9,Amit Trivedi,composer,\N
tt7027278,Kedarnath,2018,10,Amit Trivedi,composer,\N
tt7218518,Pad Man,2018,9,Amit Trivedi,composer,\N
tt3469244,Phantom,2015,9,Siddharth Roy Kapur,producer,producer
tt3679000,Any Body Can Dance 2,2015,8,Siddharth Roy Kapur,producer,producer
tt3859980,Mohenjo Daro,2016,8,Siddharth Roy Kapur,producer,producer
tt4129428,Detective Jagga,2017,10,Siddharth Roy Kapur,producer,producer
tt5074352,Dangal,2016,10,Siddharth Roy Kapur,producer,producer
tt3859980,Mohenjo Daro,2016,7,Sunita Gowariker,producer,producer
tt8202612,Satyameva Jayate,2018,4,Amruta Khanvilkar,actress,\N
tt6264938,Kesari,2019,8,Sunir Kheterpal,producer,producer
tt8130968,Badla,2019,9,Sunir Kheterpal,producer,producer
tt4906984,Azhar,2016,5,Anthony D'Souza,director,\N
tt9766280,Bhangra Paa Le,2020,6,Dheeraj Rattan,writer,\N
tt4430136,Pyaar Ka Punchnama 2,2015,5,Luv Ranjan,director,\N
tt7581902,Sonu Ke Titu Ki Sweety,2018,5,Luv Ranjan,director,\N
tt8647400,De De Pyaar De,2019,8,Luv Ranjan,writer,\N
tt9817760,Jai Mummy Di,2020,7,Luv Ranjan,producer,producer
tt6967980,Bareilly Ki Barfi,2017,10,Vineet Jain,producer,producer
tt7098658,Raazi,2018,8,Vineet Jain,producer,producer
tt7725596,Badhaai Ho,2018,10,Vineet Jain,producer,producer
tt9052870,Chhichhore,2019,4,Prateik,actor,\N
tt4302956,Kis Kisko Pyaar Karoon,2015,2,Simran Kaur Mundi,actress,\N
tt5882970,Tubelight,2017,10,Aseem Mishra,cinematographer,\N
tt4559006,Ae Dil Hai Mushkil,2016,3,Anushka Sharma,actress,\N
tt4832640,Sultan,2016,4,Anushka Sharma,actress,\N
tt5997666,When Harry Met Sejal,2017,2,Anushka Sharma,actress,\N
tt6527426,Zero,2018,2,Anushka Sharma,actress,\N
tt7147540,Made in India,2018,1,Anushka Sharma,actress,\N
tt5785170,Toilet: A Love Story,2017,5,Shree Narayan Singh,director,\N
tt3848892,Baby,2015,5,Neeraj Pandey,director,\N
tt4169250,M.S. Dhoni: The Untold Story,2016,5,Neeraj Pandey,director,\N
tt6170954,Naam Shabana,2017,6,Neeraj Pandey,writer,\N
tt4169250,M.S. Dhoni: The Untold Story,2016,7,Mohinder Pratap Singh,writer,writing associate
tt6264938,Kesari,2019,4,Vansh Bhardwaj,actor,\N
tt7700730,October,2018,9,Abhishek Arora,composer,\N
tt5982852,Jolly LLB 2,2017,6,Chirantan Bhatt,composer,\N
tt7881550,Har Kisse Ke Hisse: Kaamyaab,2020,5,Hardik Mehta,director,\N
tt11573410,Guns of Banaras,2020,5,Shekkhar Suri,director,\N
tt9877170,Malang,2020,1,Aditya Roy Kapoor,actor,\N
tt6712014,Fukrey Returns,2017,3,Ali Fazal,actor,\N
tt4430212,Drishyam,2015,7,Upendra Sidhaye,writer,adapted by
tt8983166,Panga,2020,3,Richa Chadha,actress,\N
tt6712014,Fukrey Returns,2017,4,Manjot Singh,actor,\N
tt9248940,Dream Girl,2019,4,Manjot Singh,actor,\N
tt10324144,Article 15,2019,7,Mangesh Dhakde,composer,\N
tt10964430,Thappad,2020,8,Mangesh Dhakde,composer,\N
tt4007558,Shaandaar,2015,6,Chaitally Parmar,writer,story
tt3159708,Welcome Back,2015,7,Rajan Agarwal,writer,screenplay
tt4559046,Housefull 3,2016,8,Rajan Agarwal,writer,additional screenplay
tt5156746,Force 2,2016,5,Abhinay Deo,director,\N
tt11743900,Cookie,2020,4,Sai Tamhankar,actress,\N
tt6588966,Hichki,2018,8,Ganesh Pandit,writer,story and screenplay
tt8504014,Good Newwz,2019,5,Raj Mehta,director,\N
tt5842616,Veere Di Wedding,2018,3,Swara Bhaskar,actress,\N
tt10324144,Article 15,2019,10,Ewan Mulligan,cinematographer,\N
tt3802576,Brothers,2015,2,Sidharth Malhotra,actor,\N
tt4900716,Kapoor & Sons,2016,1,Sidharth Malhotra,actor,\N
tt9766280,Bhangra Paa Le,2020,8,Neha Parti Matiyani,cinematographer,\N
tt3678782,City of Revenge,2015,1,Varun Dhawan,actor,\N
tt3679000,Any Body Can Dance 2,2015,2,Varun Dhawan,actor,\N
tt3679060,Kapow,2016,2,Varun Dhawan,actor,\N
tt4535650,Dilwale,2015,3,Varun Dhawan,actor,\N
tt5456546,Twins 2,2017,1,Varun Dhawan,actor,\N
tt6277440,Badrinath Ki Dulhania,2017,1,Varun Dhawan,actor,\N
tt6988116,Kalank,2019,1,Varun Dhawan,actor,\N
tt7147540,Made in India,2018,2,Varun Dhawan,actor,\N
tt7700730,October,2018,1,Varun Dhawan,actor,\N
tt9648672,Street Dancer 3D,2020,1,Varun Dhawan,actor,\N
tt5970844,Thugs Of Hindostan,2018,9,Manush Nandan,cinematographer,\N
tt5080556,2.0,2018,6,Jayamohan,writer,tamil dialogue
tt6264938,Kesari,2019,10,Arko Pravo Mukherjee,composer,\N
tt3859980,Mohenjo Daro,2016,4,Arunoday Singh,actor,\N
tt11743900,Cookie,2020,6,Mridul Toolsidass,writer,dialogue
tt3696192,Singh Is Bliing,2015,2,Amy Jackson,actress,\N
tt5080556,2.0,2018,3,Amy Jackson,actress,\N
tt4906960,Baadshaho,2017,4,Esha Gupta,actress,\N
tt5165344,Rustom,2016,4,Esha Gupta,actress,\N
tt5080556,2.0,2018,9,K. Karunamoorthy,producer,producer
tt8130968,Badla,2019,4,Antonio Aakeel,actor,\N
tt5690142,Mom,2017,10,Anay Goswami,cinematographer,\N
tt11573410,Guns of Banaras,2020,3,Ganesh Venkatraman,actor,\N
tt5764096,Hindi Medium,2017,7,Amitosh Nagpal,writer,dialogue by
tt10964430,Thappad,2020,6,Mrunmayee Lagoo,writer,screenplay
tt3679060,Kapow,2016,10,Abhijit Vaghani,composer,\N
tt11743900,Cookie,2020,10,Sudip Sengupta,cinematographer,\N
tt10463030,Bhoot: Part One - The Haunted Ship,2020,4,Akash Dhar,actor,\N
tt9766280,Bhangra Paa Le,2020,10,Antara Lahiri,editor,\N
tt8908002,Luka Chuppi,2019,10,Ketan Sodha,composer,\N
tt9766280,Bhangra Paa Le,2020,7,Ketan Sodha,composer,\N
tt3771536,Shivaay,2016,6,Dhaval Gada,producer,producer
tt3679000,Any Body Can Dance 2,2015,3,Shraddha Kapoor,actress,\N
tt4864932,Baaghi,2016,1,Shraddha Kapoor,actress,\N
tt5474042,Half Girlfriend,2017,2,Shraddha Kapoor,actress,\N
tt6836936,Saaho,2019,2,Shraddha Kapoor,actress,\N
tt8108202,Stree,2018,2,Shraddha Kapoor,actress,\N
tt8366590,Baaghi 3,2020,3,Shraddha Kapoor,actress,\N
tt9052870,Chhichhore,2019,2,Shraddha Kapoor,actress,\N
tt9648672,Street Dancer 3D,2020,2,Shraddha Kapoor,actress,\N
tt8108202,Stree,2018,5,Amar Kaushik,director,\N
tt9420648,Bala,2019,5,Amar Kaushik,director,\N
tt7059844,Dabangg 3,2019,8,Kaasi Nadimpalli,writer,collaborating writer
tt3469244,Phantom,2015,8,Kausar Munir,writer,dialogue
tt3863552,Bajrangi Bhaijaan,2015,9,Kausar Munir,writer,dialogue
tt4906984,Azhar,2016,2,Nargis Fakhri,actress,\N
tt5108476,Befikre,2016,8,Mikey McCleary,composer,\N
tt10964430,Thappad,2020,2,Pavail Gulati,actor,\N
tt4864932,Baaghi,2016,4,Paras Arora,actor,\N
tt8291224,Uri: The Surgical Strike,2019,3,Mohit Raina,actor,\N
tt6791730,Tumhari Sulu,2017,5,Suresh Triveni,director,\N
tt11231440,Doordarshan,2020,7,Meet Bros,composer,\N
tt2976182,Roy,2015,10,Meet Bros,composer,\N
tt3696192,Singh Is Bliing,2015,9,Meet Bros,composer,\N
tt4467202,Hero,2015,9,Meet Bros,composer,\N
tt4744086,Her & Him,2016,10,Meet Bros,composer,\N
tt4864932,Baaghi,2016,10,Meet Bros,composer,\N
tt5982852,Jolly LLB 2,2017,7,Meet Bros,composer,\N
tt6117702,Munna Michael,2017,10,Meet Bros,composer,\N
tt6170954,Naam Shabana,2017,10,Meet Bros,composer,\N
tt7431594,Race 3,2018,10,Meet Bros,composer,\N
tt2424988,Gabbar is Back,2015,5,Radha Krishna Jagarlamudi,director,\N
tt6903440,Manikarnika: The Queen of Jhansi,2019,5,Radha Krishna Jagarlamudi,director,\N
tt6452574,Sanju,2017,10,Atul Raninga,composer,\N
tt4865436,Hate Story 3,2015,3,Zareen Khan,actress,\N
tt6527426,Zero,2018,10,Atul Gogavale,composer,\N
tt8907986,Angrezi Medium,2020,10,Jyoti Deshpande,producer,producer
tt3802576,Brothers,2015,9,Siddharth Singh,writer,dialogue
tt5785170,Toilet: A Love Story,2017,7,Siddharth Singh,writer,\N
tt8983202,Kabir Singh,2019,7,Siddharth Singh,writer,dialogue
tt11573410,Guns of Banaras,2020,10,Ashwini Shrivastav,production_designer,\N
tt6272828,Mubarakan,2017,6,Rupinder Chahal,writer,story
tt5156746,Force 2,2016,3,Tahir Raj Bhasin,actor,\N
tt10309906,Shubh Mangal Zyada Saavdhan,2020,5,Hitesh Kewalya,director,\N
tt6971752,Shubh Mangal Savdhan,2017,6,Hitesh Kewalya,writer,screenplay and dialogue
tt4129428,Detective Jagga,2017,6,Amitabh Bhattacharya,writer,dialogue
tt4169250,M.S. Dhoni: The Untold Story,2016,1,Sushant Singh Rajput,actor,\N
tt7027278,Kedarnath,2018,1,Sushant Singh Rajput,actor,\N
tt9052870,Chhichhore,2019,1,Sushant Singh Rajput,actor,\N
tt8108274,Tanhaji: The Unsung Warrior,2020,5,Om Raut,director,\N
tt6967980,Bareilly Ki Barfi,2017,3,Rajkummar Rao,actor,\N
tt8108202,Stree,2018,1,Rajkummar Rao,actor,\N
tt2395469,Gully Boy,2019,1,Ranveer Singh,actor,\N
tt3735246,Bajirao Mastani,2015,1,Ranveer Singh,actor,\N
tt4110568,Dil Dhadakne Do,2015,4,Ranveer Singh,actor,\N
tt5108476,Befikre,2016,1,Ranveer Singh,actor,\N
tt5935704,Padmaavat,2017,2,Ranveer Singh,actor,\N
tt7212726,Simmba,2017,1,Ranveer Singh,actor,\N
tt2424988,Gabbar is Back,2015,4,Shruti Bapna,actress,\N
tt9614460,Chhapaak,2020,3,Madhurjeet Sarghi,actress,\N
tt9691324,Sab Kushal Mangal,2020,4,Kaushik Satish,actor,\N
tt3398048,Tevar,2015,2,Sonakshi Sinha,actress,\N
tt5156746,Force 2,2016,2,Sonakshi Sinha,actress,\N
tt7059844,Dabangg 3,2019,3,Sonakshi Sinha,actress,\N
tt9248972,Mission Mangal,2019,4,Sonakshi Sinha,actress,\N
tt3696192,Singh Is Bliing,2015,6,Chintan Gandhi,writer,dialogue
tt0315642,Wazir,2016,10,Abhijeet Shirish Deshpande,writer,dialogue
tt5764096,Hindi Medium,2017,2,Saba Qamar,actress,\N
tt8907986,Angrezi Medium,2020,7,Gaurav Shukla,writer,\N
tt8291224,Uri: The Surgical Strike,2019,8,Mitesh Mirchandani,cinematographer,\N
tt9817760,Jai Mummy Di,2020,9,Chetan Solanki,editor,\N
tt10964430,Thappad,2020,1,Taapsee Pannu,actress,\N
tt3848892,Baby,2015,4,Taapsee Pannu,actress,\N
tt5456546,Twins 2,2017,3,Taapsee Pannu,actress,\N
tt5571734,Pink,2016,1,Taapsee Pannu,actress,\N
tt6170954,Naam Shabana,2017,1,Taapsee Pannu,actress,\N
tt8130968,Badla,2019,2,Taapsee Pannu,actress,\N
tt9248972,Mission Mangal,2019,3,Taapsee Pannu,actress,\N
tt11509538,Haunted Hills,2020,2,Gavie Chahal,actor,\N
tt10324144,Article 15,2019,6,Gaurav Solanki,writer,\N
tt6588966,Hichki,2018,7,Ambar Hadap,writer,story and screenplay
tt2140465,Tanu Weds Manu Returns,2015,9,Krsna Solo,composer,\N
tt9248972,Mission Mangal,2019,9,Riturraj Tripathii,writer,Dialogue supervisor
tt11027850,Hacked,2020,8,Srivinay Salian,writer,dialogue
tt9420648,Bala,2019,7,Ravi Shankar Muppa,writer,Additional Screenplay
tt5286444,Neerja,2016,10,Vishal Khurana,composer,\N
tt5982852,Jolly LLB 2,2017,8,Vishal Khurana,composer,\N
tt5571734,Pink,2016,3,Kirti Kulhari,actress,\N
tt9766280,Bhangra Paa Le,2020,1,Sunny Kaushal,actor,\N
tt2631186,Baahubali: The Beginning,2015,9,Madhan Karky,writer,tamil dialogue
tt4849438,Baahubali 2: The Conclusion,2017,9,Madhan Karky,writer,tamil dialogue
tt6264938,Kesari,2019,3,Suvinder Vicky,actor,\N
tt6588966,Hichki,2018,2,Neeraj Kabi,actor,\N
tt2140465,Tanu Weds Manu Returns,2015,8,RDB,composer,\N
tt4640206,Sachin - A Billion Dreams,2017,4,Akshay Bhagat,actor,\N
tt2631186,Baahubali: The Beginning,2015,10,Manoj Muntashir,writer,hindi dialogue
tt4849438,Baahubali 2: The Conclusion,2017,10,Manoj Muntashir,writer,hindi dialogue
tt3148502,Spectacle,2015,10,Snigdha Basu,production_designer,\N
tt10463030,Bhoot: Part One - The Haunted Ship,2020,8,Shashank Khaitan,producer,producer
tt6277440,Badrinath Ki Dulhania,2017,5,Shashank Khaitan,director,\N
tt7638344,Dhadak,2018,5,Shashank Khaitan,director,\N
tt11027850,Hacked,2020,2,Rohan Shah,actor,\N
tt5882970,Tubelight,2017,4,Mohammed Zeeshan Ayyub,actor,\N
tt6527426,Zero,2018,4,Mohammed Zeeshan Ayyub,actor,\N
tt4169250,M.S. Dhoni: The Untold Story,2016,8,Shyam Maheshwari,writer,writing associate
tt5477608,Kahaani 2,2016,10,Kushal Gada,producer,producer
tt6971752,Shubh Mangal Savdhan,2017,7,Krishika Lulla,producer,producer
tt7721800,Bharat,2019,7,Varun V. Sharma,writer,written by
tt5074352,Dangal,2016,5,Nitesh Tiwari,director,\N
tt6967980,Bareilly Ki Barfi,2017,8,Nitesh Tiwari,writer,\N
tt8983166,Panga,2020,7,Nitesh Tiwari,writer,additional screenplay
tt9052870,Chhichhore,2019,5,Nitesh Tiwari,director,\N
tt7725596,Badhaai Ho,2018,7,Jyoti Kapoor,writer,story
tt8504014,Good Newwz,2019,6,Jyoti Kapoor,writer,story
tt8908002,Luka Chuppi,2019,9,White Noise,composer,\N
tt4434004,Udta Punjab,2016,4,Diljit Dosanjh,actor,\N
tt8504014,Good Newwz,2019,3,Diljit Dosanjh,actor,\N
tt8983166,Panga,2020,2,Jassie Gill,actor,\N
tt5842616,Veere Di Wedding,2018,7,Mehul Suri,writer,\N
tt3678782,City of Revenge,2015,3,Yami Gautam,actress,\N
tt5460276,Kaabil,2017,2,Yami Gautam,actress,\N
tt8291224,Uri: The Surgical Strike,2019,4,Yami Gautam,actress,\N
tt9420648,Bala,2019,3,Yami Gautam,actress,\N
tt3679000,Any Body Can Dance 2,2015,9,Vijay Kumar Arora,cinematographer,\N
tt7255568,Student of the Year 2,2019,3,Tara Sutaria,actress,\N
tt10023024,Love Aaj Kal,2020,1,Kartik Aaryan,actor,\N
tt4430136,Pyaar Ka Punchnama 2,2015,1,Kartik Aaryan,actor,\N
tt7581902,Sonu Ke Titu Ki Sweety,2018,1,Kartik Aaryan,actor,\N
tt8908002,Luka Chuppi,2019,1,Kartik Aaryan,actor,\N
tt9680136,Pati Patni Aur Woh,2019,1,Kartik Aaryan,actor,\N
tt9817760,Jai Mummy Di,2020,4,Sonnalli Seygall,actress,\N
tt4864932,Baaghi,2016,3,Sudheer Babu Posani,actor,\N
tt3863552,Bajrangi Bhaijaan,2015,8,Asad Hussain,writer,screenplay
tt3767372,Piku,2015,10,Anupam Roy,composer,\N
tt2631186,Baahubali: The Beginning,2015,8,Ajay Kumar,writer,telugu dialogue
tt4849438,Baahubali 2: The Conclusion,2017,8,Ajay Kumar,writer,telugu dialogue
tt3495026,Fan,2016,2,Carolina Main,actress,\N
tt9614460,Chhapaak,2020,4,Payal Nair,actress,\N
tt6264938,Kesari,2019,2,Parineeti Chopra,actress,\N
tt9614460,Chhapaak,2020,10,Subrata Chakraborty,production_designer,\N
tt4169250,M.S. Dhoni: The Untold Story,2016,9,Arun Pandey,producer,producer
tt11027850,Hacked,2020,4,Mohit Malhotra,actor,\N
tt6527426,Zero,2018,9,Ajay Gogavale,composer,\N
tt7485048,Super 30,2019,10,Ajay Gogavale,composer,\N
tt3398048,Tevar,2015,10,Sajid-Wajid,composer,\N
tt4169250,M.S. Dhoni: The Untold Story,2016,6,Dilip Jha,writer,screenplay
tt6173990,GOLD,2018,2,Mouni Roy,actress,\N
tt3495026,Fan,2016,3,Sayani Gupta,actress,\N
tt6843812,Baaghi 2,2018,10,Niraj Kumar Mishra,writer,screenplay
tt9766280,Bhangra Paa Le,2020,9,Jitan Harmeet Singh,cinematographer,\N
tt10309906,Shubh Mangal Zyada Saavdhan,2020,1,Ayushmann Khurrana,actor,\N
tt10324144,Article 15,2019,1,Ayushmann Khurrana,actor,\N
tt6967980,Bareilly Ki Barfi,2017,1,Ayushmann Khurrana,actor,\N
tt6971752,Shubh Mangal Savdhan,2017,1,Ayushmann Khurrana,actor,\N
tt7725596,Badhaai Ho,2018,1,Ayushmann Khurrana,actor,\N
tt8108198,Andhadhun,2018,1,Ayushmann Khurrana,actor,\N
tt9248940,Dream Girl,2019,1,Ayushmann Khurrana,actor,\N
tt9420648,Bala,2019,1,Ayushmann Khurrana,actor,\N
tt9248940,Dream Girl,2019,7,Niket Pandey,writer,associate head writer
tt5080556,2.0,2018,10,Siddarth Prakhash,producer,producer
tt7638344,Dhadak,2018,4,Aditya Kumar,actor,\N
tt4129428,Detective Jagga,2017,4,Chitrak Bandyopadhyay,actor,\N
tt5997666,When Harry Met Sejal,2017,4,Martavious Gayles,actor,\N
tt3678782,City of Revenge,2015,4,Huma Qureshi,actress,\N
tt5982852,Jolly LLB 2,2017,2,Huma Qureshi,actress,\N
tt4467202,Hero,2015,1,Sooraj Pancholi,actor,\N
tt4430136,Pyaar Ka Punchnama 2,2015,7,Tarun Jain,writer,screenplay and dialogue
tt8647400,De De Pyaar De,2019,7,Tarun Jain,writer,\N
tt5165344,Rustom,2016,5,Dharmendra Suresh Desai,director,\N
tt9691324,Sab Kushal Mangal,2020,7,Prachi Manmohan,producer,producer
tt4129428,Detective Jagga,2017,9,Jamal Araissi,producer,line producer
tt3678782,City of Revenge,2015,7,Arijit Biswas,writer,screenplay and dialogue
tt8108198,Andhadhun,2018,6,Arijit Biswas,writer,\N
tt7218518,Pad Man,2018,10,Tanveer Mir,cinematographer,\N
tt3767372,Piku,2015,6,Juhi Chaturvedi,writer,\N
tt7700730,October,2018,6,Juhi Chaturvedi,writer,\N
tt3767372,Piku,2015,7,Ronnie Lahiri,producer,producer
tt5571734,Pink,2016,8,Ronnie Lahiri,producer,producer
tt7700730,October,2018,8,Ronnie Lahiri,producer,producer
tt2976182,Roy,2015,6,Hussain Dalal,writer,dialogue
tt3679060,Kapow,2016,7,Hussain Dalal,writer,dialogue
tt6836936,Saaho,2019,8,Hussain Dalal,writer,hindi dialogue
tt6843812,Baaghi 2,2018,7,Hussain Dalal,writer,dialogue
tt6988116,Kalank,2019,7,Hussain Dalal,writer,dialogue
tt9248952,Jawaani Jaaneman,2020,6,Hussain Dalal,writer,additional screenplay
tt6712014,Fukrey Returns,2017,1,Pulkit Samrat,actor,\N
tt6580564,102 Not Out,2018,6,Saumya Joshi,writer,\N
tt11573410,Guns of Banaras,2020,2,Nathalia Kaur,actress,\N
tt8108202,Stree,2018,8,Sumit Arora,writer,dialogue
tt6826438,Parmanu: The Story of Pokhran,2018,3,Diana Penty,actress,\N
tt8647400,De De Pyaar De,2019,3,Rakul Preet Singh,actress,\N
tt8504014,Good Newwz,2019,7,Rishabh Sharma,writer,dialogue
tt3469244,Phantom,2015,7,Parveez Sheikh,writer,screenplay
tt3863552,Bajrangi Bhaijaan,2015,7,Parveez Sheikh,writer,screenplay
tt5156746,Force 2,2016,7,Parveez Sheikh,writer,\N
tt5882970,Tubelight,2017,6,Parveez Sheikh,writer,screenplay
tt3696192,Singh Is Bliing,2015,8,Ashvini Yardi,producer,producer
tt6117702,Munna Michael,2017,4,Sahil Anand,actor,\N
tt5286444,Neerja,2016,4,Abrar Zahoor,actor,\N
tt9614460,Chhapaak,2020,9,Malay Prakash,cinematographer,\N
tt0315642,Wazir,2016,8,Natasha Sahgal,writer,screenplay
tt3859980,Mohenjo Daro,2016,2,Pooja Hegde,actress,\N
tt4302956,Kis Kisko Pyaar Karoon,2015,4,Sai Lokur,actress,\N
tt10324144,Article 15,2019,8,Anurag Saikia,composer,music director
tt10964430,Thappad,2020,9,Anurag Saikia,composer,\N
tt4430136,Pyaar Ka Punchnama 2,2015,6,Rahul Mody,writer,screenplay and dialogue
tt7581902,Sonu Ke Titu Ki Sweety,2018,6,Rahul Mody,writer,\N
tt4535650,Dilwale,2015,4,Kriti Sanon,actress,\N
tt6967980,Bareilly Ki Barfi,2017,2,Kriti Sanon,actress,\N
tt7721946,Housefull 4,2019,4,Kriti Sanon,actress,\N
tt8908002,Luka Chuppi,2019,2,Kriti Sanon,actress,\N
tt6264938,Kesari,2019,5,Anurag Singh,director,\N
tt6108090,Secret Superstar,2017,6,Allen Liu,producer,producer
tt6836936,Saaho,2019,10,V. Vamsi Krishna Reddy,producer,producer
tt4900716,Kapoor & Sons,2016,7,Spandan Mishra,writer,additional dialogue by
tt9420648,Bala,2019,6,Niren Bhatt,writer,\N
tt10023024,Love Aaj Kal,2020,8,Ishaan Chhabra,composer,\N
tt10930586,Shikara,2020,8,Ishaan Chhabra,composer,\N
tt9648672,Street Dancer 3D,2020,7,Lizelle Dsouza,producer,producer
tt6580564,102 Not Out,2018,4,Jimit Trivedi,actor,\N
tt4744086,Her & Him,2016,8,Rakesh Jhunjhunwala,producer,producer
tt4744086,Her & Him,2016,7,R. Damani,producer,producer
tt7485048,Super 30,2019,3,Nandish Singh,actor,\N
tt5935704,Padmaavat,2017,10,Ankit Balhara,composer,co-composer
tt6903440,Manikarnika: The Queen of Jhansi,2019,10,Ankit Balhara,composer,\N
tt7430722,War,2019,9,Ankit Balhara,composer,\N
tt8983166,Panga,2020,9,Ankit Balhara,composer,\N
tt4865436,Hate Story 3,2015,7,Anupam Santosh Saroj,writer,dialogue
tt10463030,Bhoot: Part One - The Haunted Ship,2020,5,Bhanu Pratap Singh,director,\N
tt8202612,Satyameva Jayate,2018,8,Madhu Bhojwani,producer,producer
tt8869978,Batla House,2019,8,Madhu Bhojwani,producer,producer
tt4387040,Airlift,2016,10,Monisha Advani,producer,producer
tt8202612,Satyameva Jayate,2018,6,Monisha Advani,producer,producer
tt8869978,Batla House,2019,7,Monisha Advani,producer,producer
tt6272828,Mubarakan,2017,10,Ashwin Varde,producer,producer
tt9817760,Jai Mummy Di,2020,8,Sanket Shah,cinematographer,\N
tt7700730,October,2018,4,Sahil Vedoliyaa,actor,\N
tt9248972,Mission Mangal,2019,5,Jagan Shakti,director,\N
tt10875678,Happy Hardy and Heer,2020,9,Deepshika Deshmukh,producer,producer
tt5474042,Half Girlfriend,2017,1,Rhea Chakraborty,actress,\N
tt6712014,Fukrey Returns,2017,6,Vipul Vig,writer,story
tt6712014,Fukrey Returns,2017,2,Varun Sharma,actor,\N
tt9052870,Chhichhore,2019,3,Varun Sharma,actor,\N
tt7638344,Dhadak,2018,6,Nagraj Manjule,writer,story
tt6588966,Hichki,2018,5,Siddharth Malhotra,director,\N
tt3469244,Phantom,2015,4,Rajesh Tailang,actor,\N
tt9766280,Bhangra Paa Le,2020,5,Sneha Taurani,director,\N
tt7881550,Har Kisse Ke Hisse: Kaamyaab,2020,8,Manish Mundra,producer,producer
tt5108476,Befikre,2016,2,Vaani Kapoor,actress,\N
tt7430722,War,2019,3,Vaani Kapoor,actress,\N
tt9614460,Chhapaak,2020,2,Vikrant Massey,actor,\N
tt4387040,Airlift,2016,4,Prakash Belawadi,actor,\N
tt10463030,Bhoot: Part One - The Haunted Ship,2020,1,Vicky Kaushal,actor,\N
tt6452574,Sanju,2017,4,Vicky Kaushal,actor,\N
tt7098658,Raazi,2018,2,Vicky Kaushal,actor,\N
tt8291224,Uri: The Surgical Strike,2019,1,Vicky Kaushal,actor,\N
tt3771536,Shivaay,2016,2,Abigail Eames,actress,\N
tt4640206,Sachin - A Billion Dreams,2017,3,Mayuresh Pem,actor,\N
tt6580564,102 Not Out,2018,8,George Joseph,composer,\N
tt11027850,Hacked,2020,1,Hina Khan,actress,\N
tt4864932,Baaghi,2016,2,Tiger Shroff,actor,\N
tt5235880,A Flying Jatt,2016,1,Tiger Shroff,actor,\N
tt6117702,Munna Michael,2017,1,Tiger Shroff,actor,\N
tt6843812,Baaghi 2,2018,1,Tiger Shroff,actor,\N
tt7255568,Student of the Year 2,2019,1,Tiger Shroff,actor,\N
tt7430722,War,2019,2,Tiger Shroff,actor,\N
tt8366590,Baaghi 3,2020,1,Tiger Shroff,actor,\N
tt6272828,Mubarakan,2017,9,Murad Khetani,producer,producer
tt8983202,Kabir Singh,2019,10,Murad Khetani,producer,producer
tt5956100,Tiger Zinda Hai,2017,4,Anupriya Goenka,actress,\N
tt9614460,Chhapaak,2020,6,Atika Chohan,writer,\N
tt3802576,Brothers,2015,10,Garima Wahal,writer,dialogue
tt5785170,Toilet: A Love Story,2017,8,Garima Wahal,writer,\N
tt8983202,Kabir Singh,2019,8,Garima Wahal,writer,dialogue
tt10964430,Thappad,2020,10,Soumik Mukherjee,cinematographer,\N
tt5785170,Toilet: A Love Story,2017,6,Siddharth-Garima,writer,writers
tt8983202,Kabir Singh,2019,6,Siddharth-Garima,writer,dialogue
tt5764096,Hindi Medium,2017,8,Zeenat Lakhani,writer,writer
tt3735246,Bajirao Mastani,2015,9,Sanchit Balhara,composer,\N
tt7430722,War,2019,10,Sanchit Balhara,composer,\N
tt8983166,Panga,2020,10,Sanchit Balhara,composer,\N
tt11509538,Haunted Hills,2020,3,Krishna Chaturvedi,actor,\N
tt6108090,Secret Superstar,2017,8,Prasad Shetty,producer,producer
tt5935704,Padmaavat,2017,7,Ajit Andhare,producer,producer
tt4302956,Kis Kisko Pyaar Karoon,2015,1,Kapil Sharma,actor,\N
tt1806913,Hotchpotch Again,2017,9,Amal Mallik,composer,\N
tt5156746,Force 2,2016,9,Amal Mallik,composer,\N
tt7881550,Har Kisse Ke Hisse: Kaamyaab,2020,9,Gaurav Verma,producer,producer
tt4640206,Sachin - A Billion Dreams,2017,8,Ajit Bhure,writer,marathi dialogue
tt4467202,Hero,2015,10,Jassi Katyal,composer,\N
tt4467202,Hero,2015,7,Umesh Bist,writer,screenplay
tt7027278,Kedarnath,2018,7,Pragya Kapoor,producer,producer
tt8108202,Stree,2018,4,Aparshakti Khurana,actor,\N
tt8908002,Luka Chuppi,2019,3,Aparshakti Khurana,actor,\N
tt9680136,Pati Patni Aur Woh,2019,4,Aparshakti Khurana,actor,\N
tt5785170,Toilet: A Love Story,2017,3,Bhumi Pednekar,actress,\N
tt6971752,Shubh Mangal Savdhan,2017,2,Bhumi Pednekar,actress,\N
tt9420648,Bala,2019,2,Bhumi Pednekar,actress,\N
tt9680136,Pati Patni Aur Woh,2019,2,Bhumi Pednekar,actress,\N
tt5165344,Rustom,2016,8,Aruna Bhatia,producer,producer
tt6170954,Naam Shabana,2017,8,Aruna Bhatia,producer,producer
tt8504014,Good Newwz,2019,8,Aruna Bhatia,producer,producer
tt7363076,Raid,2018,9,Gaurav Nanda,producer,producer
tt5286444,Neerja,2016,6,Saiwyn Quadras,writer,story and screenplay
tt6826438,Parmanu: The Story of Pokhran,2018,6,Saiwyn Quadras,writer,\N
tt6967980,Bareilly Ki Barfi,2017,9,Renu Chopra,producer,producer
tt9680136,Pati Patni Aur Woh,2019,10,Renu Chopra,producer,producer
tt9248972,Mission Mangal,2019,8,Nidhi Singh Dharma,writer,writer
tt5074352,Dangal,2016,6,Piyush Gupta,writer,\N
tt9052870,Chhichhore,2019,6,Piyush Gupta,writer,\N
tt5074352,Dangal,2016,8,Nikhil Mehrotra,writer,\N
tt8983166,Panga,2020,6,Nikhil Mehrotra,writer,written by
tt9052870,Chhichhore,2019,7,Nikhil Mehrotra,writer,\N
tt5074352,Dangal,2016,7,Shreyas Jain,writer,\N
tt6967980,Bareilly Ki Barfi,2017,7,Shreyas Jain,writer,\N
tt7881550,Har Kisse Ke Hisse: Kaamyaab,2020,3,Sarika Singh,actress,\N
tt2976182,Roy,2015,5,Vikramjit Singh,director,\N
tt5935704,Padmaavat,2017,9,Sudhanshu Vats,producer,producer
tt6967980,Bareilly Ki Barfi,2017,5,Ashwiny Iyer Tiwari,director,\N
tt8983166,Panga,2020,5,Ashwiny Iyer Tiwari,director,\N
tt4169250,M.S. Dhoni: The Untold Story,2016,2,Kiara Advani,actress,\N
tt8504014,Good Newwz,2019,4,Kiara Advani,actress,\N
tt8983202,Kabir Singh,2019,2,Kiara Advani,actress,\N
tt8983202,Kabir Singh,2019,3,Nikita Dutta,actress,\N
tt3859980,Mohenjo Daro,2016,6,Preeti Mamgain,writer,dialogue
tt3398048,Tevar,2015,7,Shantanu Srivastava,writer,\N
tt7725596,Badhaai Ho,2018,8,Shantanu Srivastava,writer,story
tt5474042,Half Girlfriend,2017,4,Dalip Sondhi,actor,\N
tt8869978,Batla House,2019,2,Nora Fatehi,actress,\N
tt9648672,Street Dancer 3D,2020,4,Nora Fatehi,actress,\N
tt4302956,Kis Kisko Pyaar Karoon,2015,7,Anukalp Goswami,writer,story
tt6836936,Saaho,2019,5,Sujeeth,director,\N
tt3771536,Shivaay,2016,3,Erika Kaar,actress,\N
tt7255568,Student of the Year 2,2019,6,Paulomi Dutta,writer,Additional writer
tt3495026,Fan,2016,4,Shriya Pilgaonkar,actress,\N
tt9766280,Bhangra Paa Le,2020,3,Shriya Pilgaonkar,actress,\N
tt10309906,Shubh Mangal Zyada Saavdhan,2020,2,Jitendra Kumar,actor,\N
tt5690142,Mom,2017,2,Sajal Ali,actress,\N
tt7485048,Super 30,2019,2,Mrunal Thakur,actress,\N
tt8869978,Batla House,2019,3,Mrunal Thakur,actress,\N
tt8176312,Gul Makai,2020,5,Amjad Khan,director,\N
tt6826438,Parmanu: The Story of Pokhran,2018,4,Anuja Sathe,actress,\N
tt3405236,Raees,2017,6,Harit Mehta,writer,\N
tt3405236,Raees,2017,8,Ashish Vashi,writer,\N
tt5997666,When Harry Met Sejal,2017,3,BjÃ¶rn Freiberg,actor,\N
tt5982852,Jolly LLB 2,2017,10,Manj Musik,composer,\N
tt11231440,Doordarshan,2020,4,Shardul Rana,actor,\N
tt6588966,Hichki,2018,6,Anckur Chaudhry,writer,story and screenplay
tt7721946,Housefull 4,2019,9,Sparsh Khetarpal,writer,Additional Screenplay
tt8366590,Baaghi 3,2020,7,Sparsh Khetarpal,writer,Additional screenplay
tt9817760,Jai Mummy Di,2020,10,Tarpan Shrivastava,production_designer,\N
tt3767372,Piku,2015,8,Sneha Rajani,producer,producer
tt4640206,Sachin - A Billion Dreams,2017,9,Ravi Bhagchandka,producer,producer
tt11027850,Hacked,2020,6,Rhea Anand,writer,screenplay
tt3863552,Bajrangi Bhaijaan,2015,2,Harshaali Malhotra,actress,\N
tt7098658,Raazi,2018,6,Harinder S. Sikka,writer,based on the book 'Calling Sehmat' by
tt8291224,Uri: The Surgical Strike,2019,7,Shashwat Sachdev,composer,\N
tt9648672,Street Dancer 3D,2020,10,Badshah,composer,\N
tt5474042,Half Girlfriend,2017,3,Shreedhar Dubey,actor,\N
tt3159708,Welcome Back,2015,9,Raaj Shaandilyaa,writer,dialogue
tt9248940,Dream Girl,2019,5,Raaj Shaandilyaa,director,\N
tt2631186,Baahubali: The Beginning,2015,7,C.H. Vijay Kumar,writer,telugu dialogue
tt4849438,Baahubali 2: The Conclusion,2017,7,C.H. Vijay Kumar,writer,telugu dialogue
tt3405236,Raees,2017,7,Niraj Shukla,writer,\N
tt4129428,Detective Jagga,2017,7,Debatma Mandal,writer,dialogue
tt4467202,Hero,2015,2,Athiya Shetty,actress,\N
tt6272828,Mubarakan,2017,4,Athiya Shetty,actress,\N
tt4864932,Baaghi,2016,7,Sanjeev Datta,writer,\N
tt9420648,Bala,2019,8,Pavel,writer,original story
tt5477608,Kahaani 2,2016,8,Akshay Gada,producer,producer
tt3771536,Shivaay,2016,4,Sayyeshaa Saigal,actress,\N
tt5165344,Rustom,2016,10,Akash Chawla,producer,producer
tt4906960,Baadshaho,2017,9,Tanishk Bagchi,composer,\N
tt6117702,Munna Michael,2017,9,Tanishk Bagchi,composer,\N
tt6277440,Badrinath Ki Dulhania,2017,9,Tanishk Bagchi,composer,\N
tt6527426,Zero,2018,8,Tanishk Bagchi,composer,\N
tt6971752,Shubh Mangal Savdhan,2017,10,Tanishk Bagchi,composer,\N
tt8366590,Baaghi 3,2020,10,Tanishk Bagchi,composer,\N
tt8908002,Luka Chuppi,2019,8,Tanishk Bagchi,composer,\N
tt6452574,Sanju,2017,6,Abhiruchi Chand,writer,assistant dialogue writer
tt8562960,Shaheed Chandrashekhar Azaad,2020,7,Dinesh Arjuna Nimbalkar,composer,\N
tt5074352,Dangal,2016,4,Sanya Malhotra,actress,\N
tt7725596,Badhaai Ho,2018,4,Sanya Malhotra,actress,\N
tt6108090,Secret Superstar,2017,1,Zaira Wasim,actress,\N
tt8176312,Gul Makai,2020,10,Pravin B.,editor,\N
tt4865436,Hate Story 3,2015,10,Baman,composer,\N
tt9614460,Chhapaak,2020,8,Shankar-Ehsaan-Loy,composer,\N
tt7721946,Housefull 4,2019,7,Sara Bodinar,writer,story and screenplay
tt8907986,Angrezi Medium,2020,9,Sara Bodinar,writer,\N
tt8562960,Shaheed Chandrashekhar Azaad,2020,5,Rajesh Mittal,director,\N
tt4387040,Airlift,2016,9,Rahul Nangia,writer,screenplay
tt9248952,Jawaani Jaaneman,2020,2,Alaya Furniturewala,actress,\N
tt4169250,M.S. Dhoni: The Untold Story,2016,4,Disha Patani,actress,\N
tt6843812,Baaghi 2,2018,2,Disha Patani,actress,\N
tt9877170,Malang,2020,3,Disha Patani,actress,\N
tt4640206,Sachin - A Billion Dreams,2017,2,Mayur More,actor,\N
tt5286444,Neerja,2016,9,Shanti Sivaram Maini,producer,producer
tt6791730,Tumhari Sulu,2017,10,Shanti Sivaram Maini,producer,producer
tt3735246,Bajirao Mastani,2015,6,Nagnath S. Inamdar,writer,novel: Rau
tt8562960,Shaheed Chandrashekhar Azaad,2020,6,Vakil Baboo,composer,\N
tt6712014,Fukrey Returns,2017,10,Sameer Uddin,composer,\N
tt8291224,Uri: The Surgical Strike,2019,9,Shivkumar V. Panicker,editor,film editor
tt5460276,Kaabil,2017,7,Vijay Kumar Mishra,writer,writer
tt6836936,Saaho,2019,7,Abbas Dalal,writer,hindi dialogue
tt6843812,Baaghi 2,2018,6,Abbas Dalal,writer,dialogue writer
tt9248952,Jawaani Jaaneman,2020,7,Abbas Dalal,writer,dialogue
tt9817760,Jai Mummy Di,2020,5,Navjot Gulati,director,\N
tt5571734,Pink,2016,4,Andrea Tariang,actress,\N
tt11743900,Cookie,2020,3,Vibhoutee Sharma,actress,\N
tt6580564,102 Not Out,2018,10,Rohan Vinayak,composer,\N
tt4640206,Sachin - A Billion Dreams,2017,10,Ravi Bhagchandka,producer,producer
tt6170954,Naam Shabana,2017,4,Taher Shabbir,actor,\N
tt6588966,Hichki,2018,3,Riya Shukla,actress,\N
tt5690142,Mom,2017,5,Ravi Udyawar,director,\N
tt8908002,Luka Chuppi,2019,6,Rohan Shankar,writer,\N
tt6826438,Parmanu: The Story of Pokhran,2018,8,Hitesh Thakkar,producer,producer
tt7218518,Pad Man,2018,8,Hitesh Thakkar,producer,producer
tt3405236,Raees,2017,3,Shubham Tukaram,actor,\N
tt4864932,Baaghi,2016,6,Shifuji Shaurya Bharadwaj,writer,Wrote all of his own dialogue
tt2395469,Gully Boy,2019,3,Siddhant Chaturvedi,actor,\N
tt6903440,Manikarnika: The Queen of Jhansi,2019,9,Kamal Jain,producer,producer
tt7581902,Sonu Ke Titu Ki Sweety,2018,7,Ankur Garg,producer,producer
tt8647400,De De Pyaar De,2019,9,Ankur Garg,producer,producer
tt9817760,Jai Mummy Di,2020,6,Ankur Garg,producer,producer
tt9877170,Malang,2020,8,Ankur Garg,producer,producer
tt5165344,Rustom,2016,7,Virender Arora,producer,producer
tt5785170,Toilet: A Love Story,2017,10,Arjun N. Kapoor,producer,producer
tt5165344,Rustom,2016,6,Vipul K. Rawal,writer,\N
tt5235880,A Flying Jatt,2016,8,Madhur Sharma,writer,dialogue
tt3771536,Shivaay,2016,7,Shreyans Hirawat,producer,producer
tt8176312,Gul Makai,2020,1,Reem Shaikh,actress,\N
tt7721946,Housefull 4,2019,6,Tasha Bhambra,writer,Additional Screenplay
tt8366590,Baaghi 3,2020,6,Tasha Bhambra,writer,Additional screenplay
tt5156746,Force 2,2016,10,Gourav Roshan,composer,\N
tt9877170,Malang,2020,7,Aniruddha Guha,writer,\N
tt5156746,Force 2,2016,6,Jasmeet K. Reen,writer,\N
tt9680136,Pati Patni Aur Woh,2019,8,Jasmeet K. Reen,writer,dialogue
tt5970844,Thugs Of Hindostan,2018,4,Satyadev Kancharana,actor,\N
tt6117702,Munna Michael,2017,2,Nidhhi Agerwal,actress,\N
tt3771536,Shivaay,2016,5,Sandeep Shrivastava,writer,screenplay
tt3696192,Singh Is Bliing,2015,7,Sahar Quaze,writer,dialogue
tt8983166,Panga,2020,8,Amit Joshi,writer,first draft
tt5690142,Mom,2017,6,Girish Kohli,writer,dialogue
tt6264938,Kesari,2019,6,Girish Kohli,writer,writer
tt5842616,Veere Di Wedding,2018,4,Surya Sharma,actor,\N
tt5946128,Dear Zindagi,2016,4,Priyanka Moodley,actress,\N
tt10875678,Happy Hardy and Heer,2020,2,Trupti Khamkar,actress,\N
tt5074352,Dangal,2016,9,Rajshri Sudhakar,writer,Dialogue Writer: Telugu
tt5460276,Kaabil,2017,8,Rajshri Sudhakar,writer,Dialogue Writer: Telugu
tt6170954,Naam Shabana,2017,7,Rajshri Sudhakar,writer,Dialogue Writer: Telugu
tt5764096,Hindi Medium,2017,3,Dishita Sehgal,actress,\N
tt10463030,Bhoot: Part One - The Haunted Ship,2020,10,Akhil Sachdeva,composer,\N
tt6272828,Mubarakan,2017,8,Balwinder Singh Janjua,writer,screenplay
tt10930586,Shikara,2020,2,Aadil Khan,actor,\N
tt3148502,Spectacle,2015,4,Naila Grewal,actress,\N
tt3405236,Raees,2017,2,Shubham Chintamani,actor,\N
tt6117702,Munna Michael,2017,6,Vimi Datta,writer,writer
tt3405236,Raees,2017,4,Yug,actor,\N
tt11743900,Cookie,2020,1,Nabeel Ahmed,actor,\N
tt10023024,Love Aaj Kal,2020,2,Sara Ali Khan,actress,\N
tt7027278,Kedarnath,2018,2,Sara Ali Khan,actress,\N
tt7212726,Simmba,2017,2,Sara Ali Khan,actress,\N
tt10930586,Shikara,2020,9,Qutub E. Kripa,composer,\N
tt2424988,Gabbar is Back,2015,8,D.S. Kannan,writer,co-writer
tt9680136,Pati Patni Aur Woh,2019,9,Juno Chopra,producer,producer
tt6967980,Bareilly Ki Barfi,2017,6,Bareilly Ki Barfi,writer,novel
tt6971752,Shubh Mangal Savdhan,2017,4,Anshul Chauhan,actress,\N
tt6971752,Shubh Mangal Savdhan,2017,5,R.S. Prasanna,director,\N
tt11027850,Hacked,2020,9,Krishna Bhatt,producer,producer
tt7255568,Student of the Year 2,2019,2,Ananya Panday,actress,\N
tt9680136,Pati Patni Aur Woh,2019,3,Ananya Panday,actress,\N
tt8983202,Kabir Singh,2019,5,Sandeep Reddy Vanga,director,\N
tt5842616,Veere Di Wedding,2018,6,Nidhi Mehra,writer,\N
tt6971752,Shubh Mangal Savdhan,2017,9,Rachita Arora,composer,\N
tt7881550,Har Kisse Ke Hisse: Kaamyaab,2020,10,Rachita Arora,composer,\N
tt10875678,Happy Hardy and Heer,2020,5,Raka,director,\N
tt4129428,Detective Jagga,2017,8,Samrat Chakraborty,writer,dialogue
tt10930586,Shikara,2020,3,Zain Khan Durrani,actor,\N
tt8562960,Shaheed Chandrashekhar Azaad,2020,8,Ashok Chakraborty,cinematographer,\N
tt7638344,Dhadak,2018,1,Janhvi Kapoor,actress,\N
tt6836936,Saaho,2019,9,Anil Kumar Upadyaula,writer,associate head writer
tt7700730,October,2018,2,Banita Sandhu,actress,\N
tt10875678,Happy Hardy and Heer,2020,4,Deep Mandeep,actress,\N
tt6580564,102 Not Out,2018,7,Hiral Brahmabhatt,composer,\N
tt11231440,Doordarshan,2020,5,Gagan Puri,director,\N
tt11231440,Doordarshan,2020,9,Shubham Srivastava,editor,\N
tt8108198,Andhadhun,2018,8,Hemanth M. Rao,writer,\N
tt8907986,Angrezi Medium,2020,2,Radhika Madan,actress,\N
tt7363076,Raid,2018,3,Amit Bimrot,actor,\N
tt5080556,2.0,2018,7,Lakshmi Saravanakumar,writer,additional tamil dialogue
tt8202612,Satyameva Jayate,2018,3,Aisha Sharma,actress,\N
tt4302956,Kis Kisko Pyaar Karoon,2015,8,Kis Kisko Pyaar Karoon,writer,co-writer
tt11231440,Doordarshan,2020,8,Soni Singh,cinematographer,\N
tt4302956,Kis Kisko Pyaar Karoon,2015,9,Sonu Sinha,writer,cowriter
tt4387040,Airlift,2016,6,Sonu Sinha,writer,screenplay
tt5764096,Hindi Medium,2017,6,Sonu Sinha,writer,cowriter
tt8176312,Gul Makai,2020,8,Sanjay Singla,producer,producer
tt8176312,Gul Makai,2020,7,Preeti Vijay Jaju,producer,producer
tt8176312,Gul Makai,2020,6,Bhaswati Chakrabarty,writer,dialogue
tt11573410,Guns of Banaras,2020,9,Bunty Negi,editor,\N
